Day,Date High,High,Date Low,Low,Closing,Trades,Shares,Turnover,Last Traded,Days Traded
1/4/2010,4-Jan-10,70,4-Jan-10,66.5,68.25,34,37900,2607025,4-Jan-10,1
1/5/2010,5-Jan-10,71,5-Jan-10,68,69.25,52,101900,7109525,5-Jan-10,1
1/6/2010,6-Jan-10,70.75,6-Jan-10,67,68,6,900,61850,6-Jan-10,1
1/7/2010,7-Jan-10,72,7-Jan-10,66.5,70.25,55,176400,12345300,7-Jan-10,1
1/8/2010,8-Jan-10,74,8-Jan-10,70,73.25,11,2800,203575,8-Jan-10,1
1/11/2010,11-Jan-10,75,11-Jan-10,73.25,74,11,28600,2115850,11-Jan-10,1
1/12/2010,12-Jan-10,75,12-Jan-10,70,72,18,8800,638625,12-Jan-10,1
1/13/2010,13-Jan-10,74,13-Jan-10,72,72,3,1300,95950,13-Jan-10,1
1/15/2010,15-Jan-10,79,15-Jan-10,72,78.25,124,257800,19472575,15-Jan-10,1
1/18/2010,18-Jan-10,80,18-Jan-10,76,77.25,42,37400,2905375,18-Jan-10,1
1/19/2010,19-Jan-10,79,19-Jan-10,74,74.25,20,20900,1558400,19-Jan-10,1
1/20/2010,20-Jan-10,78,20-Jan-10,74.25,75,28,27600,2098450,20-Jan-10,1
1/21/2010,21-Jan-10,75,21-Jan-10,75,75,4,2000,150000,21-Jan-10,1
1/22/2010,22-Jan-10,77,22-Jan-10,73,73.75,33,17800,1333575,22-Jan-10,1
1/25/2010,25-Jan-10,75,25-Jan-10,72.5,73.25,34,32900,2408850,25-Jan-10,1
1/26/2010,26-Jan-10,75.5,26-Jan-10,73,73.25,16,21100,1551275,26-Jan-10,1
1/28/2010,28-Jan-10,76,28-Jan-10,73,74.5,67,145000,10798675,28-Jan-10,1
2/1/2010,1-Feb-10,79,1-Feb-10,75,77,57,107700,8225600,1-Feb-10,1
2/2/2010,2-Feb-10,83,2-Feb-10,78.25,82,168,684800,54802050,2-Feb-10,1
2/3/2010,3-Feb-10,90,3-Feb-10,83,87,176,1841500,164837650,3-Feb-10,1
2/5/2010,5-Feb-10,88,5-Feb-10,85,85.5,69,223000,19254700,5-Feb-10,1
2/8/2010,8-Feb-10,98.25,8-Feb-10,90,97.25,209,383600,36861050,8-Feb-10,1
2/9/2010,9-Feb-10,105,9-Feb-10,93,97.25,125,158400,15160250,9-Feb-10,1
2/10/2010,10-Feb-10,103,10-Feb-10,97.25,100.5,151,658800,66656400,10-Feb-10,1
2/11/2010,11-Feb-10,100.75,11-Feb-10,97.25,97.5,49,104400,10312300,11-Feb-10,1
2/12/2010,12-Feb-10,98,12-Feb-10,95.25,96,34,21500,2066725,12-Feb-10,1
2/15/2010,15-Feb-10,98,15-Feb-10,95.25,97.5,20,10800,1049000,15-Feb-10,1
2/16/2010,16-Feb-10,97,16-Feb-10,95,95,27,33300,3204750,16-Feb-10,1
2/17/2010,17-Feb-10,96.75,17-Feb-10,95,96,8,11400,1094150,17-Feb-10,1
2/18/2010,18-Feb-10,98,18-Feb-10,95,95,30,53200,5071450,18-Feb-10,1
2/19/2010,19-Feb-10,100,19-Feb-10,97,97.75,5,3000,292900,19-Feb-10,1
2/22/2010,22-Feb-10,100.25,22-Feb-10,98,98.75,59,57100,5695350,22-Feb-10,1
2/23/2010,23-Feb-10,99.75,23-Feb-10,98.25,99,25,18100,1797475,23-Feb-10,1
2/24/2010,24-Feb-10,99,24-Feb-10,95,98,13,9800,960625,24-Feb-10,1
2/25/2010,25-Feb-10,99,25-Feb-10,95.5,98.75,13,5600,552775,25-Feb-10,1
2/26/2010,26-Feb-10,102,26-Feb-10,97.5,100.25,73,418200,42049550,26-Feb-10,1
3/1/2010,1-Mar-10,112,1-Mar-10,100.25,109.25,274,723900,78267700,1-Mar-10,1
3/2/2010,2-Mar-10,114.5,2-Mar-10,110,114,191,339400,38112200,2-Mar-10,1
3/3/2010,3-Mar-10,114.75,3-Mar-10,110,111,50,59100,6588100,3-Mar-10,1
3/4/2010,4-Mar-10,113.25,4-Mar-10,110.5,113,54,198300,22270425,4-Mar-10,1
3/5/2010,5-Mar-10,114,5-Mar-10,113,113.75,30,26300,2992225,5-Mar-10,1
3/8/2010,8-Mar-10,114,8-Mar-10,111.25,112,35,43900,4922200,8-Mar-10,1
3/9/2010,9-Mar-10,112,9-Mar-10,110.25,112,12,8400,935525,9-Mar-10,1
3/10/2010,10-Mar-10,112,10-Mar-10,112,112,23,34500,3864000,10-Mar-10,1
3/11/2010,11-Mar-10,113,11-Mar-10,111,113,23,32800,3688475,11-Mar-10,1
3/12/2010,12-Mar-10,116.5,12-Mar-10,113.5,116,43,147700,16989150,12-Mar-10,1
3/15/2010,15-Mar-10,116,15-Mar-10,114,115.25,19,14600,1674850,15-Mar-10,1
3/16/2010,16-Mar-10,115,16-Mar-10,114.25,114.5,6,4400,503875,16-Mar-10,1
3/17/2010,17-Mar-10,114.5,17-Mar-10,113,113.75,20,9500,1082600,17-Mar-10,1
3/18/2010,18-Mar-10,112.5,18-Mar-10,110,111.5,24,42700,4776400,18-Mar-10,1
3/19/2010,19-Mar-10,111.75,19-Mar-10,110,110,32,67700,7509450,19-Mar-10,1
3/22/2010,22-Mar-10,112,22-Mar-10,110,111.25,12,45800,5040150,22-Mar-10,1
3/23/2010,23-Mar-10,111,23-Mar-10,110,110,14,24700,2717550,23-Mar-10,1
3/24/2010,24-Mar-10,108,24-Mar-10,107,108,13,18400,1985200,24-Mar-10,1
3/25/2010,25-Mar-10,112,25-Mar-10,105,110,27,72000,7908500,25-Mar-10,1
3/26/2010,26-Mar-10,113,26-Mar-10,110,112.75,22,37600,4212275,26-Mar-10,1
3/30/2010,30-Mar-10,113,30-Mar-10,111.5,113,24,40000,4505500,30-Mar-10,1
3/31/2010,31-Mar-10,113,31-Mar-10,110,113,6,5000,564700,31-Mar-10,1
4/1/2010,1-Apr-10,113,1-Apr-10,111,113,20,28400,3205500,1-Apr-10,1
4/5/2010,5-Apr-10,114,5-Apr-10,111,113,29,59600,6733350,5-Apr-10,1
4/6/2010,6-Apr-10,118,6-Apr-10,113,116.75,67,330800,38376950,6-Apr-10,1
4/7/2010,7-Apr-10,118,7-Apr-10,116,116,52,182100,21222825,7-Apr-10,1
4/8/2010,8-Apr-10,120,8-Apr-10,115,117.25,43,231700,27080625,8-Apr-10,1
4/12/2010,12-Apr-10,122.5,12-Apr-10,117.5,119.75,27,70000,8272725,12-Apr-10,1
4/15/2010,15-Apr-10,120,15-Apr-10,118,119.75,29,80800,9695600,15-Apr-10,1
4/16/2010,16-Apr-10,120,16-Apr-10,119.5,120,24,92300,11065550,16-Apr-10,1
4/19/2010,19-Apr-10,125,19-Apr-10,120,124,78,192000,23872900,19-Apr-10,1
4/20/2010,20-Apr-10,126,20-Apr-10,124,125,51,155200,19396450,20-Apr-10,1
4/21/2010,21-Apr-10,129,21-Apr-10,123.75,125.5,42,31400,3931425,21-Apr-10,1
4/22/2010,22-Apr-10,135,22-Apr-10,126,133,83,201100,26609825,22-Apr-10,1
4/23/2010,23-Apr-10,140,23-Apr-10,134.25,140,118,174300,24304900,23-Apr-10,1
4/26/2010,26-Apr-10,145,26-Apr-10,141,143.25,44,57900,8348750,26-Apr-10,1
4/27/2010,27-Apr-10,143,27-Apr-10,141,142.25,23,12500,1773450,27-Apr-10,1
4/29/2010,29-Apr-10,142,29-Apr-10,138,140,27,22400,3155350,29-Apr-10,1
4/30/2010,30-Apr-10,142,30-Apr-10,140,140.5,12,9100,1277500,30-Apr-10,1
5/3/2010,3-May-10,142,3-May-10,135,139.75,25,14300,2002050,3-May-10,1
5/4/2010,4-May-10,140,4-May-10,139.75,139.75,10,2700,377850,4-May-10,1
5/5/2010,5-May-10,142,5-May-10,139.75,140.75,65,106800,15046225,5-May-10,1
5/6/2010,6-May-10,145,6-May-10,141.5,144.75,55,79800,11532375,6-May-10,1
5/7/2010,7-May-10,143,7-May-10,140.25,141.75,28,45800,6504625,7-May-10,1
5/10/2010,10-May-10,145,10-May-10,142,143,31,97800,13953925,10-May-10,1
5/11/2010,11-May-10,145,11-May-10,142.5,144.5,67,174000,25091425,11-May-10,1
5/12/2010,12-May-10,143,12-May-10,141,141.5,14,4100,584150,12-May-10,1
5/13/2010,13-May-10,143.75,13-May-10,140,140,57,123700,17341300,13-May-10,1
5/14/2010,14-May-10,141,14-May-10,140,140.25,15,161500,22612525,14-May-10,1
5/17/2010,17-May-10,142,17-May-10,138,138.5,17,18800,2610675,17-May-10,1
5/18/2010,18-May-10,140,18-May-10,137.5,139.75,26,52000,7275000,18-May-10,1
5/19/2010,19-May-10,141,19-May-10,138,140,17,10700,1499200,19-May-10,1
5/20/2010,20-May-10,139.25,20-May-10,137.5,138.75,23,54000,7489125,20-May-10,1
5/21/2010,21-May-10,138.5,21-May-10,138,138.5,14,76900,10623200,21-May-10,1
5/24/2010,24-May-10,138.5,24-May-10,137.75,137.75,10,104500,14471000,24-May-10,1
5/25/2010,25-May-10,137.75,25-May-10,135,135.25,25,172600,23482700,25-May-10,1
5/26/2010,26-May-10,136,26-May-10,134.75,135,13,17100,2309175,26-May-10,1
5/31/2010,31-May-10,136,31-May-10,133.25,134,23,29900,4026250,31-May-10,1
6/1/2010,1-Jun-10,133.5,1-Jun-10,133.5,133.5,10,22700,3030450,1-Jun-10,1
6/2/2010,2-Jun-10,133.5,2-Jun-10,132.25,133,26,140200,18659225,2-Jun-10,1
6/3/2010,3-Jun-10,135,3-Jun-10,130,132.5,59,249900,32671600,3-Jun-10,1
6/4/2010,4-Jun-10,133,4-Jun-10,130.25,132,36,129000,16944125,4-Jun-10,1
6/7/2010,7-Jun-10,147.5,7-Jun-10,132,145.25,218,804100,115595250,7-Jun-10,1
6/8/2010,8-Jun-10,155,8-Jun-10,147,153.5,160,248700,37812850,8-Jun-10,1
6/9/2010,9-Jun-10,162,9-Jun-10,154.25,156.5,66,177300,27875125,9-Jun-10,1
6/10/2010,10-Jun-10,161,10-Jun-10,157,160,58,131900,21080700,10-Jun-10,1
6/11/2010,11-Jun-10,160,11-Jun-10,158.75,160,36,100700,16101875,11-Jun-10,1
6/14/2010,14-Jun-10,168.75,14-Jun-10,161.25,168.75,36,20300,3364925,14-Jun-10,1
6/15/2010,15-Jun-10,169,15-Jun-10,160,166.5,37,44000,7391475,15-Jun-10,1
6/16/2010,16-Jun-10,167.75,16-Jun-10,163.5,164.25,12,3600,593575,16-Jun-10,1
6/17/2010,17-Jun-10,165,17-Jun-10,158,160,23,43300,6953175,17-Jun-10,1
6/21/2010,21-Jun-10,160,21-Jun-10,156.75,158.75,24,54000,8548750,21-Jun-10,1
6/22/2010,22-Jun-10,160,22-Jun-10,158,160,12,12700,2031525,22-Jun-10,1
6/23/2010,23-Jun-10,160,23-Jun-10,156,157.75,24,53100,8428200,23-Jun-10,1
6/24/2010,24-Jun-10,160,24-Jun-10,156,159,21,12800,2027725,24-Jun-10,1
6/28/2010,28-Jun-10,167.5,28-Jun-10,161,164,32,36500,5990400,28-Jun-10,1
6/29/2010,29-Jun-10,164,29-Jun-10,160,160.5,7,2400,386100,29-Jun-10,1
6/30/2010,30-Jun-10,161,30-Jun-10,158,159.75,12,5000,799575,30-Jun-10,1
7/1/2010,1-Jul-10,162,1-Jul-10,158,160,7,3800,606700,1-Jul-10,1
7/2/2010,2-Jul-10,160,2-Jul-10,160,160,3,1800,288000,2-Jul-10,1
7/5/2010,5-Jul-10,159,5-Jul-10,156.5,157.5,17,9400,1477425,5-Jul-10,1
7/6/2010,6-Jul-10,160,6-Jul-10,156,157.75,27,40200,6323400,6-Jul-10,1
7/7/2010,7-Jul-10,156,7-Jul-10,152.5,152.5,16,15900,2452025,7-Jul-10,1
7/8/2010,8-Jul-10,156,8-Jul-10,151,155.5,10,23400,3633400,8-Jul-10,1
7/9/2010,9-Jul-10,155,9-Jul-10,152,152.5,9,3200,490300,9-Jul-10,1
7/12/2010,12-Jul-10,155,12-Jul-10,152,153,9,2100,321600,12-Jul-10,1
7/13/2010,13-Jul-10,160,13-Jul-10,152,159.25,21,28100,4450025,13-Jul-10,1
7/14/2010,14-Jul-10,167,14-Jul-10,159.25,165,162,387000,62704600,14-Jul-10,1
7/15/2010,15-Jul-10,167,15-Jul-10,164,165,29,29700,4906350,15-Jul-10,1
7/16/2010,16-Jul-10,173,16-Jul-10,165.75,166,107,167100,28082575,16-Jul-10,1
7/19/2010,19-Jul-10,170,19-Jul-10,166,167.5,67,69000,11708300,19-Jul-10,1
7/20/2010,20-Jul-10,172,20-Jul-10,168,170,88,126700,21571300,20-Jul-10,1
7/21/2010,21-Jul-10,173,21-Jul-10,170,173,43,104200,17981150,21-Jul-10,1
7/22/2010,22-Jul-10,178,22-Jul-10,171.5,177.5,83,442600,78254125,22-Jul-10,1
7/23/2010,23-Jul-10,180,23-Jul-10,175,179.75,69,117500,21008775,23-Jul-10,1
7/26/2010,26-Jul-10,182,26-Jul-10,179,180.5,34,142100,25584275,26-Jul-10,1
7/27/2010,27-Jul-10,182,27-Jul-10,179,182,57,206800,37310425,27-Jul-10,1
7/28/2010,28-Jul-10,189.5,28-Jul-10,182,186.25,63,122400,22614825,28-Jul-10,1
7/29/2010,29-Jul-10,195,29-Jul-10,188,188.75,111,214900,40776875,29-Jul-10,1
7/30/2010,30-Jul-10,190,30-Jul-10,186,189.25,29,151500,28780600,30-Jul-10,1
8/2/2010,2-Aug-10,195,2-Aug-10,190,190.2,16,9000,1714070,2-Aug-10,1
8/3/2010,3-Aug-10,190,3-Aug-10,188,188.5,30,150500,28354080,3-Aug-10,1
8/4/2010,4-Aug-10,190,4-Aug-10,186,188.9,28,68400,12905570,4-Aug-10,1
8/5/2010,5-Aug-10,190,5-Aug-10,180,187.7,39,144900,26562750,5-Aug-10,1
8/6/2010,6-Aug-10,186,6-Aug-10,183,183.8,23,57500,10620300,6-Aug-10,1
8/9/2010,9-Aug-10,180,9-Aug-10,171,174.5,37,156400,27420800,9-Aug-10,1
8/10/2010,10-Aug-10,185,10-Aug-10,170,184.1,55,95600,16736890,10-Aug-10,1
8/11/2010,11-Aug-10,190,11-Aug-10,183.5,185,45,145800,27156440,11-Aug-10,1
8/12/2010,12-Aug-10,185,12-Aug-10,172,182.1,9,2100,378720,12-Aug-10,1
8/13/2010,13-Aug-10,185,13-Aug-10,178,184.8,11,3700,679160,13-Aug-10,1
8/16/2010,16-Aug-10,184,16-Aug-10,182,183.5,10,4900,896800,16-Aug-10,1
8/17/2010,17-Aug-10,185,17-Aug-10,182,183.5,15,23200,4260080,17-Aug-10,1
8/18/2010,18-Aug-10,189.8,18-Aug-10,184.9,187,43,276200,51116670,18-Aug-10,1
8/19/2010,19-Aug-10,190,19-Aug-10,186,187.1,22,27300,5095300,19-Aug-10,1
8/20/2010,20-Aug-10,190,20-Aug-10,185,188.1,8,2700,508430,20-Aug-10,1
8/23/2010,23-Aug-10,190,23-Aug-10,185,190,21,292900,55647320,23-Aug-10,1
8/25/2010,25-Aug-10,195,25-Aug-10,190,192.3,28,103100,19680890,25-Aug-10,1
8/26/2010,26-Aug-10,194,26-Aug-10,188,192.1,12,20600,3940940,26-Aug-10,1
8/27/2010,27-Aug-10,197,27-Aug-10,190,192,29,93500,17860100,27-Aug-10,1
8/30/2010,30-Aug-10,194.8,30-Aug-10,192.5,192.6,19,23800,4584510,30-Aug-10,1
8/31/2010,31-Aug-10,194,31-Aug-10,190,193,17,26300,5075100,31-Aug-10,1
9/1/2010,1-Sep-10,195,1-Sep-10,193,193,25,20400,3957990,1-Sep-10,1
9/2/2010,2-Sep-10,210,2-Sep-10,193.1,199.6,52,109400,21568360,2-Sep-10,1
9/3/2010,3-Sep-10,215,3-Sep-10,200,210,93,149500,31490150,3-Sep-10,1
9/6/2010,6-Sep-10,215,6-Sep-10,200.1,207.5,13,3200,670810,6-Sep-10,1
9/7/2010,7-Sep-10,214,7-Sep-10,205,211.4,33,31300,6583300,7-Sep-10,1
9/8/2010,8-Sep-10,214.5,8-Sep-10,206.1,209.1,28,13400,2815780,8-Sep-10,1
9/9/2010,9-Sep-10,215.5,9-Sep-10,205,214.7,52,86000,18379930,9-Sep-10,1
9/13/2010,13-Sep-10,236.1,13-Sep-10,215,236.1,161,631800,144529340,13-Sep-10,1
9/14/2010,14-Sep-10,259.7,14-Sep-10,245,259.7,205,342000,87718030,14-Sep-10,1
9/15/2010,15-Sep-10,285.6,15-Sep-10,260.3,279.1,377,361300,101597880,15-Sep-10,1
9/16/2010,16-Sep-10,290,16-Sep-10,275,286.8,153,204600,58532120,16-Sep-10,1
9/17/2010,17-Sep-10,300.5,17-Sep-10,280,295.7,158,165000,49093600,17-Sep-10,1
9/20/2010,20-Sep-10,320,20-Sep-10,300,307.7,180,237000,73353750,20-Sep-10,1
9/21/2010,21-Sep-10,310,21-Sep-10,303,307.3,81,100300,30943190,21-Sep-10,1
9/23/2010,23-Sep-10,300,23-Sep-10,291.5,299.5,74,395000,118405190,23-Sep-10,1
9/24/2010,24-Sep-10,316,24-Sep-10,300,308,226,296400,90824900,24-Sep-10,1
9/27/2010,27-Sep-10,325,27-Sep-10,311.1,319.6,113,91100,29146380,27-Sep-10,1
9/28/2010,28-Sep-10,322,28-Sep-10,312.5,319.7,81,62400,19867350,28-Sep-10,1
9/29/2010,29-Sep-10,319.9,29-Sep-10,300,314.8,45,19300,6005250,29-Sep-10,1
9/30/2010,30-Sep-10,320,30-Sep-10,295,315.2,94,73500,23191700,30-Sep-10,1
10/1/2010,1-Oct-10,320,1-Oct-10,314,315.5,46,60500,19065520,1-Oct-10,1
10/4/2010,4-Oct-10,315,4-Oct-10,305,309.8,21,39700,12334600,4-Oct-10,1
10/5/2010,5-Oct-10,310,5-Oct-10,303,305.3,69,97400,29937580,5-Oct-10,1
10/6/2010,6-Oct-10,325,6-Oct-10,290,299.7,41,54400,16332100,6-Oct-10,1
10/7/2010,7-Oct-10,299,7-Oct-10,280,290.5,100,64000,18708180,7-Oct-10,1
10/8/2010,8-Oct-10,296.8,8-Oct-10,286,294,62,41600,12229850,8-Oct-10,1
10/11/2010,11-Oct-10,310,11-Oct-10,296.8,299.1,54,55300,16614030,11-Oct-10,1
10/12/2010,12-Oct-10,300,12-Oct-10,280,288.5,43,27200,7941670,12-Oct-10,1
10/13/2010,13-Oct-10,310,13-Oct-10,280.5,299.6,96,66900,19379470,13-Oct-10,1
10/14/2010,14-Oct-10,300.1,14-Oct-10,287,287.1,44,51700,14952470,14-Oct-10,1
10/15/2010,15-Oct-10,299,15-Oct-10,285.5,294.1,50,76800,22240720,15-Oct-10,1
10/18/2010,18-Oct-10,300.1,18-Oct-10,294.1,299,53,60400,17989110,18-Oct-10,1
10/19/2010,19-Oct-10,309,19-Oct-10,299,305,78,98800,30098410,19-Oct-10,1
10/20/2010,20-Oct-10,308,20-Oct-10,300,304.7,37,16200,4966410,20-Oct-10,1
10/21/2010,21-Oct-10,325,21-Oct-10,302,323.9,177,266300,83853060,21-Oct-10,1
10/25/2010,25-Oct-10,336,25-Oct-10,320,329.7,214,243300,79298890,25-Oct-10,1
10/26/2010,26-Oct-10,335,26-Oct-10,320.1,324.6,83,283831,224821810,26-Oct-10,1
10/27/2010,27-Oct-10,320.2,27-Oct-10,310,317.4,63,30100,9537950,27-Oct-10,1
10/28/2010,28-Oct-10,318,28-Oct-10,310,315.7,53,141400,44617400,28-Oct-10,1
10/29/2010,29-Oct-10,320,29-Oct-10,307,319.4,37,40600,12914010,29-Oct-10,1
11/1/2010,1-Nov-10,325,1-Nov-10,311,320,42,172700,54841940,1-Nov-10,1
11/2/2010,2-Nov-10,320,2-Nov-10,315,317.1,28,56300,17857410,2-Nov-10,1
11/3/2010,3-Nov-10,317,3-Nov-10,315,316.7,26,30800,9730280,3-Nov-10,1
11/4/2010,4-Nov-10,315.1,4-Nov-10,312,313.9,29,129100,40659700,4-Nov-10,1
11/8/2010,8-Nov-10,315,8-Nov-10,306,314,31,86700,27134090,8-Nov-10,1
11/9/2010,9-Nov-10,310,9-Nov-10,302,307.8,15,2900,895470,9-Nov-10,1
11/10/2010,10-Nov-10,305.1,10-Nov-10,302.5,303.2,15,4600,1394490,10-Nov-10,1
11/11/2010,11-Nov-10,305,11-Nov-10,300,304.7,27,157400,47324540,11-Nov-10,1
11/12/2010,12-Nov-10,307,12-Nov-10,300,305.1,20,10300,3136990,12-Nov-10,1
11/15/2010,15-Nov-10,309.9,15-Nov-10,300.5,300.5,20,12300,3747450,15-Nov-10,1
11/16/2010,16-Nov-10,304.9,16-Nov-10,292.5,296.9,21,218000,66190580,16-Nov-10,1
11/18/2010,18-Nov-10,300,18-Nov-10,295,298,26,42400,12708880,18-Nov-10,1
11/22/2010,22-Nov-10,300,22-Nov-10,296,297,24,401400,120392900,22-Nov-10,1
11/23/2010,23-Nov-10,295.1,23-Nov-10,290,290.1,13,8700,2561840,23-Nov-10,1
11/24/2010,24-Nov-10,295,24-Nov-10,290,295,11,14900,4369860,24-Nov-10,1
11/25/2010,25-Nov-10,319,25-Nov-10,290,310.9,380,704600,214592620,25-Nov-10,1
11/26/2010,26-Nov-10,308,26-Nov-10,299.1,299.9,48,42300,12742720,26-Nov-10,1
11/29/2010,29-Nov-10,300,29-Nov-10,283,286.4,45,69500,20387820,29-Nov-10,1
11/30/2010,30-Nov-10,298,30-Nov-10,287.1,292.1,64,69100,20156510,30-Nov-10,1
12/1/2010,1-Dec-10,308,1-Dec-10,297,303.8,49,149100,45365330,1-Dec-10,1
12/2/2010,2-Dec-10,305.1,2-Dec-10,297.3,297.9,16,37000,11192580,2-Dec-10,1
12/3/2010,3-Dec-10,300,3-Dec-10,296,297,11,14900,4428690,3-Dec-10,1
12/6/2010,6-Dec-10,296.9,6-Dec-10,295.5,296.5,3,600,177910,6-Dec-10,1
12/7/2010,7-Dec-10,292.1,7-Dec-10,285,290,11,5300,1535720,7-Dec-10,1
12/8/2010,8-Dec-10,295,8-Dec-10,290,290.9,29,29500,8620630,8-Dec-10,1
12/9/2010,9-Dec-10,290.9,9-Dec-10,289,289.6,13,20100,5844760,9-Dec-10,1
12/10/2010,10-Dec-10,296.9,10-Dec-10,288,289.3,27,30500,8823400,10-Dec-10,1
12/13/2010,13-Dec-10,290,13-Dec-10,287,287.5,6,800,230990,13-Dec-10,1
12/14/2010,14-Dec-10,285,14-Dec-10,285,285,4,1400,399000,14-Dec-10,1
12/15/2010,15-Dec-10,285,15-Dec-10,285,285,9,23200,6612000,15-Dec-10,1
12/16/2010,16-Dec-10,288,16-Dec-10,285,285,26,12100,3450840,16-Dec-10,1
12/17/2010,17-Dec-10,287.9,17-Dec-10,285,285.1,6,2400,685260,17-Dec-10,1
12/21/2010,21-Dec-10,289.9,21-Dec-10,279,280.6,18,11700,3291580,21-Dec-10,1
12/22/2010,22-Dec-10,299,22-Dec-10,285.5,285.5,17,11300,3253150,22-Dec-10,1
12/23/2010,23-Dec-10,290,23-Dec-10,283.1,289.7,13,15500,4445740,23-Dec-10,1
12/24/2010,24-Dec-10,298,24-Dec-10,288.8,297.9,10,11400,3313660,24-Dec-10,1
12/27/2010,27-Dec-10,300,27-Dec-10,297,300,26,24300,7280700,27-Dec-10,1
12/28/2010,28-Dec-10,302.5,28-Dec-10,300,300.4,14,29300,8790720,28-Dec-10,1
12/29/2010,29-Dec-10,300,29-Dec-10,295,298.7,26,38600,11565720,29-Dec-10,1
12/30/2010,30-Dec-10,300,30-Dec-10,295,297,28,14700,4379350,30-Dec-10,1
12/31/2010,31-Dec-10,308.9,31-Dec-10,300,304.9,34,86800,26232260,31-Dec-10,1
1/3/2011,3-Jan-11,308,3-Jan-11,302,303,71,166100,50512430,3-Jan-11,1
1/4/2011,4-Jan-11,308,4-Jan-11,300,304.9,35,146900,44456150,4-Jan-11,1
1/5/2011,5-Jan-11,308.9,5-Jan-11,303,303.9,32,33600,10253340,5-Jan-11,1
1/6/2011,6-Jan-11,309.8,6-Jan-11,300.5,306.9,35,20700,6337840,6-Jan-11,1
1/7/2011,7-Jan-11,309,7-Jan-11,305,308.8,46,94100,28982340,7-Jan-11,1
1/10/2011,10-Jan-11,335,10-Jan-11,308,315.4,110,152800,47731260,10-Jan-11,1
1/11/2011,11-Jan-11,170,11-Jan-11,160,161.1,292,262800,43286220,11-Jan-11,1
1/12/2011,12-Jan-11,160,12-Jan-11,156,158.5,83,75900,12061020,12-Jan-11,1
1/13/2011,13-Jan-11,161,13-Jan-11,157,159.8,62,77700,12346050,13-Jan-11,1
1/14/2011,14-Jan-11,160,14-Jan-11,159.5,159.8,16,4400,703490,14-Jan-11,1
1/17/2011,17-Jan-11,160,17-Jan-11,155,156.3,48,31400,4934510,17-Jan-11,1
1/18/2011,18-Jan-11,156.8,18-Jan-11,145.1,150.1,75,52200,7959380,18-Jan-11,1
1/20/2011,20-Jan-11,156.1,20-Jan-11,150,155.1,124,185100,28396520,20-Jan-11,1
1/21/2011,21-Jan-11,163,21-Jan-11,155,161.4,255,1482500,232739230,21-Jan-11,1
1/24/2011,24-Jan-11,167,24-Jan-11,160,165.3,209,672600,110737750,24-Jan-11,1
1/25/2011,25-Jan-11,166,25-Jan-11,159,160.6,102,75200,12101670,25-Jan-11,1
1/26/2011,26-Jan-11,162,26-Jan-11,160,160,105,677300,108532060,26-Jan-11,1
1/27/2011,27-Jan-11,165,27-Jan-11,162,162.5,76,336200,54332140,27-Jan-11,1
1/28/2011,28-Jan-11,167,28-Jan-11,160.2,162.9,95,694800,111934100,28-Jan-11,1
1/31/2011,31-Jan-11,166,31-Jan-11,160,160.2,90,498400,80000760,31-Jan-11,1
2/1/2011,1-Feb-11,161,1-Feb-11,157,158.3,60,44700,7120020,1-Feb-11,1
2/2/2011,2-Feb-11,161,2-Feb-11,158,160,79,294400,47078990,2-Feb-11,1
2/3/2011,3-Feb-11,160.8,3-Feb-11,155,156.9,68,227100,36202890,3-Feb-11,1
2/7/2011,7-Feb-11,161,7-Feb-11,156,157.1,74,203600,32507420,7-Feb-11,1
2/8/2011,8-Feb-11,160,8-Feb-11,155,157.7,75,167700,26376820,8-Feb-11,1
2/9/2011,9-Feb-11,160,9-Feb-11,156,159.4,62,826900,132999360,9-Feb-11,1
2/10/2011,10-Feb-11,161.5,10-Feb-11,157.1,160,118,1059500,170024900,10-Feb-11,1
2/11/2011,11-Feb-11,161,11-Feb-11,159,160.5,77,323700,51864500,11-Feb-11,1
2/14/2011,14-Feb-11,162,14-Feb-11,157,157.9,57,84600,13504160,14-Feb-11,1
2/15/2011,15-Feb-11,159.9,15-Feb-11,155,157.7,45,26500,4162800,15-Feb-11,1
2/18/2011,18-Feb-11,160,18-Feb-11,155.5,159.3,22,16300,2583150,18-Feb-11,1
2/21/2011,21-Feb-11,159.8,21-Feb-11,156,159.3,26,43400,6909240,21-Feb-11,1
2/22/2011,22-Feb-11,158,22-Feb-11,154,157.1,48,60600,9496810,22-Feb-11,1
2/23/2011,23-Feb-11,158,23-Feb-11,151.5,154.1,31,21800,3364940,23-Feb-11,1
2/24/2011,24-Feb-11,155,24-Feb-11,153.1,153.5,41,126300,19392070,24-Feb-11,1
2/25/2011,25-Feb-11,159,25-Feb-11,153,154,54,59200,9176610,25-Feb-11,1
2/28/2011,28-Feb-11,158,28-Feb-11,152.3,152.5,19,14800,2265480,28-Feb-11,1
3/1/2011,1-Mar-11,153,1-Mar-11,150,150.5,41,41200,6280150,1-Mar-11,1
3/3/2011,3-Mar-11,151,3-Mar-11,146,147,52,61200,8993930,3-Mar-11,1
3/4/2011,4-Mar-11,153,4-Mar-11,147.5,152.9,43,42600,6415900,4-Mar-11,1
3/7/2011,7-Mar-11,158,7-Mar-11,154,155,129,725300,110222780,7-Mar-11,1
3/8/2011,8-Mar-11,155.4,8-Mar-11,150,154.6,98,872300,132416570,8-Mar-11,1
3/9/2011,9-Mar-11,160,9-Mar-11,150,152,83,1591900,239619740,9-Mar-11,1
3/10/2011,10-Mar-11,156,10-Mar-11,151.8,155.1,118,511900,79311230,10-Mar-11,1
3/11/2011,11-Mar-11,156.7,11-Mar-11,152.5,153.2,33,29300,4508510,11-Mar-11,1
3/14/2011,14-Mar-11,155,14-Mar-11,150.3,150.6,41,37300,5670750,14-Mar-11,1
3/15/2011,15-Mar-11,151,15-Mar-11,149,149.4,58,184200,27515940,15-Mar-11,1
3/16/2011,16-Mar-11,152,16-Mar-11,150,150.3,51,64900,9762560,16-Mar-11,1
3/17/2011,17-Mar-11,153.5,17-Mar-11,151,153,27,89200,13651110,17-Mar-11,1
3/18/2011,18-Mar-11,156,18-Mar-11,152.5,153,30,227100,34155230,18-Mar-11,1
3/21/2011,21-Mar-11,159,21-Mar-11,151,153.2,48,298400,45834580,21-Mar-11,1
3/22/2011,22-Mar-11,154,22-Mar-11,150,153.8,28,48000,7366570,22-Mar-11,1
3/23/2011,23-Mar-11,163,23-Mar-11,154.9,157,273,1005400,160090720,23-Mar-11,1
3/24/2011,24-Mar-11,159.9,24-Mar-11,155.1,155.9,42,78100,12264440,24-Mar-11,1
3/25/2011,25-Mar-11,156.5,25-Mar-11,155,155.6,35,174300,27183950,25-Mar-11,1
3/28/2011,28-Mar-11,158.9,28-Mar-11,152.2,157.6,66,43700,6818420,28-Mar-11,1
3/29/2011,29-Mar-11,159,29-Mar-11,157,157,19,30100,4748830,29-Mar-11,1
3/30/2011,30-Mar-11,157.5,30-Mar-11,155,156.2,70,271400,42466250,30-Mar-11,1
3/31/2011,31-Mar-11,157.5,31-Mar-11,156,157,46,173500,27184930,31-Mar-11,1
4/1/2011,1-Apr-11,158.9,1-Apr-11,155.6,158.5,25,8600,1358530,1-Apr-11,1
4/4/2011,4-Apr-11,159.9,4-Apr-11,156.2,159.7,86,269000,42766070,4-Apr-11,1
4/5/2011,5-Apr-11,159.9,5-Apr-11,158,158.5,65,302400,48129300,5-Apr-11,1
4/6/2011,6-Apr-11,159.5,6-Apr-11,156,157.5,34,42400,6687660,6-Apr-11,1
4/7/2011,7-Apr-11,158.9,7-Apr-11,156.4,157.9,38,40200,6353740,7-Apr-11,1
4/8/2011,8-Apr-11,159,8-Apr-11,156.4,158.7,32,170100,27017490,8-Apr-11,1
4/11/2011,11-Apr-11,159,11-Apr-11,157,158.2,38,70600,11161510,11-Apr-11,1
4/12/2011,12-Apr-11,159,12-Apr-11,157.8,158,92,163800,25920080,12-Apr-11,1
4/18/2011,18-Apr-11,159,18-Apr-11,155.1,156.3,30,24900,3915600,18-Apr-11,1
4/19/2011,19-Apr-11,157,19-Apr-11,155,155.8,30,14600,2267360,19-Apr-11,1
4/20/2011,20-Apr-11,156,20-Apr-11,150,151,40,88600,13556070,20-Apr-11,1
4/21/2011,21-Apr-11,155.8,21-Apr-11,152.3,155,5,600,92810,21-Apr-11,1
4/25/2011,25-Apr-11,154.7,25-Apr-11,151.1,152.2,20,7800,1188070,25-Apr-11,1
4/26/2011,26-Apr-11,151,26-Apr-11,150,150.1,67,86200,12945310,26-Apr-11,1
4/27/2011,27-Apr-11,154.9,27-Apr-11,150,151.5,25,17900,2708390,27-Apr-11,1
4/28/2011,28-Apr-11,154.9,28-Apr-11,151.5,152,32,78600,11939040,28-Apr-11,1
4/29/2011,29-Apr-11,156,29-Apr-11,152.4,152.6,42,152000,23366590,29-Apr-11,1
5/3/2011,3-May-11,152,3-May-11,150.2,151.2,28,50100,7585540,3-May-11,1
5/4/2011,4-May-11,163,4-May-11,148,159.6,302,3385900,535381950,4-May-11,1
5/5/2011,5-May-11,157,5-May-11,153.1,155.8,54,75800,11846540,5-May-11,1
5/6/2011,6-May-11,156.1,6-May-11,154.1,155.6,20,19700,3062570,6-May-11,1
5/9/2011,9-May-11,155.2,9-May-11,153,153.1,21,12500,1921100,9-May-11,1
5/10/2011,10-May-11,156,10-May-11,152,152.1,22,40800,6217620,10-May-11,1
5/11/2011,11-May-11,153.9,11-May-11,150,152.3,32,84200,12706450,11-May-11,1
5/12/2011,12-May-11,155,12-May-11,151.5,154.8,30,39800,6093620,12-May-11,1
5/13/2011,13-May-11,156,13-May-11,154,154.3,25,25400,3934290,13-May-11,1
5/16/2011,16-May-11,154.5,16-May-11,153,154.2,7,6900,1057800,16-May-11,1
5/19/2011,19-May-11,157,19-May-11,154,155.3,39,28700,4444010,19-May-11,1
5/20/2011,20-May-11,158,20-May-11,155.6,156,36,28300,4429380,20-May-11,1
5/23/2011,23-May-11,156.1,23-May-11,153,153,14,9800,1513420,23-May-11,1
5/24/2011,24-May-11,158,24-May-11,153,155.2,39,41200,6394620,24-May-11,1
5/25/2011,25-May-11,157,25-May-11,153.6,156,21,609300,94470770,25-May-11,1
5/26/2011,26-May-11,156,26-May-11,153.5,155,33,118200,18324450,26-May-11,1
5/27/2011,27-May-11,157,27-May-11,154.5,154.8,21,6500,1006370,27-May-11,1
5/30/2011,30-May-11,155,30-May-11,152.6,153,41,51600,7934580,30-May-11,1
5/31/2011,31-May-11,156,31-May-11,152.5,154.9,43,73100,11262270,31-May-11,1
6/1/2011,1-Jun-11,159.7,1-Jun-11,155,158,127,159300,25215420,1-Jun-11,1
6/2/2011,2-Jun-11,164.9,2-Jun-11,157,162.2,237,862200,138517640,2-Jun-11,1
6/3/2011,3-Jun-11,164.5,3-Jun-11,160,160.4,61,1062800,175177990,3-Jun-11,1
6/6/2011,6-Jun-11,164,6-Jun-11,158,159.8,38,35600,5691750,6-Jun-11,1
6/7/2011,7-Jun-11,160,7-Jun-11,156,156,18,40000,6319000,7-Jun-11,1
6/8/2011,8-Jun-11,158.5,8-Jun-11,155.4,157.1,38,48800,7674620,8-Jun-11,1
6/9/2011,9-Jun-11,158,9-Jun-11,156,156.8,13,4400,689340,9-Jun-11,1
6/10/2011,10-Jun-11,160,10-Jun-11,156,156.5,38,61300,9735500,10-Jun-11,1
6/13/2011,13-Jun-11,167,13-Jun-11,155,162,262,666100,109245030,13-Jun-11,1
6/14/2011,14-Jun-11,164.5,14-Jun-11,157,160,43,50600,8128870,14-Jun-11,1
6/16/2011,16-Jun-11,167.5,16-Jun-11,162,163,352,970300,159330130,16-Jun-11,1
6/17/2011,17-Jun-11,165,17-Jun-11,159,159.2,82,119400,19367040,17-Jun-11,1
6/20/2011,20-Jun-11,162,20-Jun-11,157.6,158.8,31,12700,2015650,20-Jun-11,1
6/21/2011,21-Jun-11,160,21-Jun-11,154,154.8,57,92000,14340000,21-Jun-11,1
6/22/2011,22-Jun-11,155,22-Jun-11,153,153.2,43,75100,11593080,22-Jun-11,1
6/23/2011,23-Jun-11,159.7,23-Jun-11,153.5,153.5,21,39700,6097000,23-Jun-11,1
6/24/2011,24-Jun-11,155,24-Jun-11,152.5,153.1,42,42700,6556520,24-Jun-11,1
6/27/2011,27-Jun-11,154,27-Jun-11,152,152.8,33,32800,5020880,27-Jun-11,1
6/28/2011,28-Jun-11,157.6,28-Jun-11,151.5,152.3,31,20000,3049820,28-Jun-11,1
6/29/2011,29-Jun-11,156.5,29-Jun-11,151,152.8,38,36500,5562330,29-Jun-11,1
6/30/2011,30-Jun-11,155.1,30-Jun-11,151,155.1,35,123300,19055660,30-Jun-11,1
7/1/2011,1-Jul-11,159.9,1-Jul-11,155,158.2,22,16500,2571320,1-Jul-11,1
7/4/2011,4-Jul-11,155.6,4-Jul-11,153.1,154.7,19,456800,71008450,4-Jul-11,1
7/5/2011,5-Jul-11,154,5-Jul-11,153,153.3,4,1400,215250,5-Jul-11,1
7/6/2011,6-Jul-11,159,6-Jul-11,155,156.1,61,192500,30045150,6-Jul-11,1
7/7/2011,7-Jul-11,159.8,7-Jul-11,156.5,158.7,28,11800,1872690,7-Jul-11,1
7/8/2011,8-Jul-11,160,8-Jul-11,154.3,155.1,18,12700,1995500,8-Jul-11,1
7/11/2011,11-Jul-11,156.5,11-Jul-11,152.5,153,25,36200,5548620,11-Jul-11,1
7/12/2011,12-Jul-11,152,12-Jul-11,148,148.1,20,8000,1194940,12-Jul-11,1
7/13/2011,13-Jul-11,151,13-Jul-11,150,150,31,202000,30311560,13-Jul-11,1
7/15/2011,15-Jul-11,150.9,15-Jul-11,149,150.4,32,75200,11278290,15-Jul-11,1
7/18/2011,18-Jul-11,153,18-Jul-11,150,153,15,9300,1399780,18-Jul-11,1
7/19/2011,19-Jul-11,152.9,19-Jul-11,150,150.3,14,10000,1505870,19-Jul-11,1
7/20/2011,20-Jul-11,152,20-Jul-11,149.6,150.7,21,29500,4438920,20-Jul-11,1
7/21/2011,21-Jul-11,152,21-Jul-11,150,150,51,113100,16976670,21-Jul-11,1
7/22/2011,22-Jul-11,149.5,22-Jul-11,148.5,149.5,23,28100,4186200,22-Jul-11,1
7/25/2011,25-Jul-11,149.5,25-Jul-11,141.5,142.5,16,5800,835260,25-Jul-11,1
7/26/2011,26-Jul-11,145,26-Jul-11,136,144.9,27,13600,1922370,26-Jul-11,1
7/27/2011,27-Jul-11,150,27-Jul-11,145,145,34,35700,5185390,27-Jul-11,1
7/28/2011,28-Jul-11,149,28-Jul-11,145.4,147.1,3,400,59040,28-Jul-11,1
7/29/2011,29-Jul-11,154,29-Jul-11,146,153.8,44,125700,18931110,29-Jul-11,1
8/1/2011,1-Aug-11,154,1-Aug-11,150.5,151,18,46800,7116600,1-Aug-11,1
8/2/2011,2-Aug-11,153.2,2-Aug-11,150.5,150.5,11,6100,923500,2-Aug-11,1
8/3/2011,3-Aug-11,154,3-Aug-11,150,151.1,24,26100,3947740,3-Aug-11,1
8/4/2011,4-Aug-11,152.5,4-Aug-11,149,151.5,10,8800,1317800,4-Aug-11,1
8/5/2011,5-Aug-11,151.9,5-Aug-11,146,147.1,32,15000,2210200,5-Aug-11,1
8/8/2011,8-Aug-11,150,8-Aug-11,144.7,149.1,13,17600,2588300,8-Aug-11,1
8/9/2011,9-Aug-11,148,9-Aug-11,146,147.9,20,58600,8666990,9-Aug-11,1
8/10/2011,10-Aug-11,151.9,10-Aug-11,147,151.2,17,21600,3225350,10-Aug-11,1
8/11/2011,11-Aug-11,150.1,11-Aug-11,149,150,12,15500,2324450,11-Aug-11,1
8/12/2011,12-Aug-11,151,12-Aug-11,149,149.6,17,8300,1240210,12-Aug-11,1
8/15/2011,15-Aug-11,150,15-Aug-11,149,150,10,10500,1569400,15-Aug-11,1
8/16/2011,16-Aug-11,152,16-Aug-11,149.5,150,32,135100,20267200,16-Aug-11,1
8/17/2011,17-Aug-11,156.9,17-Aug-11,150,152.1,47,226800,34217900,17-Aug-11,1
8/18/2011,18-Aug-11,156,18-Aug-11,152,152,5,2200,338400,18-Aug-11,1
8/19/2011,19-Aug-11,153,19-Aug-11,150.1,150.1,5,32800,4988320,19-Aug-11,1
8/22/2011,22-Aug-11,155,22-Aug-11,150,150,27,17900,2725140,22-Aug-11,1
8/23/2011,23-Aug-11,150,23-Aug-11,149,149.9,7,6700,1003500,23-Aug-11,1
8/24/2011,24-Aug-11,150,24-Aug-11,148,148,13,13600,2022180,24-Aug-11,1
8/25/2011,25-Aug-11,150,25-Aug-11,147,147.2,7,4900,724030,25-Aug-11,1
8/26/2011,26-Aug-11,150,26-Aug-11,146,147.2,9,2000,296030,26-Aug-11,1
8/29/2011,29-Aug-11,144.7,29-Aug-11,144,144.7,4,1600,231180,29-Aug-11,1
8/30/2011,30-Aug-11,149,30-Aug-11,147.1,147.6,6,1000,148070,30-Aug-11,1
9/1/2011,1-Sep-11,149,1-Sep-11,147,147.3,5,2200,325800,1-Sep-11,1
9/2/2011,2-Sep-11,148,2-Sep-11,147,147.1,13,13400,1971170,2-Sep-11,1
9/5/2011,5-Sep-11,150.5,5-Sep-11,148,150.5,24,23100,3456200,5-Sep-11,1
9/6/2011,6-Sep-11,150,6-Sep-11,146.5,147,15,6300,930950,6-Sep-11,1
9/7/2011,7-Sep-11,154.3,7-Sep-11,147,150.1,10,6000,899870,7-Sep-11,1
9/8/2011,8-Sep-11,150,8-Sep-11,147.7,147.7,13,4000,599370,8-Sep-11,1
9/9/2011,9-Sep-11,149,9-Sep-11,147,147.1,18,61600,9057420,9-Sep-11,1
9/12/2011,12-Sep-11,150,12-Sep-11,147.1,147.9,13,11700,1752170,12-Sep-11,1
9/13/2011,13-Sep-11,147.2,13-Sep-11,147,147.1,15,9500,1396640,13-Sep-11,1
9/14/2011,14-Sep-11,147,14-Sep-11,147,147,1,1500,220500,14-Sep-11,1
9/15/2011,15-Sep-11,148.5,15-Sep-11,142,142.2,26,45900,6670890,15-Sep-11,1
9/16/2011,16-Sep-11,145,16-Sep-11,140.1,142.5,17,93200,13249370,16-Sep-11,1
9/20/2011,20-Sep-11,144,20-Sep-11,143,143,9,6400,916200,20-Sep-11,1
9/21/2011,21-Sep-11,143,21-Sep-11,142.5,142.8,16,6600,943150,21-Sep-11,1
9/22/2011,22-Sep-11,142.1,22-Sep-11,142,142,7,4800,681650,22-Sep-11,1
9/23/2011,23-Sep-11,142,23-Sep-11,130,136.2,38,11300,1557150,23-Sep-11,1
9/26/2011,26-Sep-11,140,26-Sep-11,132,140,7,5200,696230,26-Sep-11,1
9/27/2011,27-Sep-11,138,27-Sep-11,136,136.3,25,14700,2007730,27-Sep-11,1
9/28/2011,28-Sep-11,138,28-Sep-11,132.4,133.1,30,17600,2382820,28-Sep-11,1
9/29/2011,29-Sep-11,135,29-Sep-11,132,132.3,27,36900,4873910,29-Sep-11,1
9/30/2011,30-Sep-11,138.9,30-Sep-11,132,132.5,26,25000,3366980,30-Sep-11,1
10/3/2011,3-Oct-11,138.9,3-Oct-11,131.2,132,44,36600,4852420,3-Oct-11,1
10/4/2011,4-Oct-11,132,4-Oct-11,130,130.2,39,41200,5358300,4-Oct-11,1
10/5/2011,5-Oct-11,138.5,5-Oct-11,130,131.5,24,17100,2256110,5-Oct-11,1
10/6/2011,6-Oct-11,135.6,6-Oct-11,130,130.2,42,52100,6781750,6-Oct-11,1
10/7/2011,7-Oct-11,132,7-Oct-11,130,130.6,9,23100,3048380,7-Oct-11,1
10/10/2011,10-Oct-11,130.6,10-Oct-11,128,128.4,16,3800,490320,10-Oct-11,1
10/12/2011,12-Oct-11,130,12-Oct-11,126,127.7,15,5500,707140,12-Oct-11,1
10/13/2011,13-Oct-11,133,13-Oct-11,126.3,133,11,6100,780990,13-Oct-11,1
10/14/2011,14-Oct-11,130,14-Oct-11,125.2,127.7,8,3500,446300,14-Oct-11,1
10/17/2011,17-Oct-11,125.3,17-Oct-11,125.2,125.3,22,19900,2493310,17-Oct-11,1
10/18/2011,18-Oct-11,129.9,18-Oct-11,122.2,125.8,19,13500,1679400,18-Oct-11,1
10/19/2011,19-Oct-11,129.5,19-Oct-11,122,125.5,26,22200,2745900,19-Oct-11,1
10/20/2011,20-Oct-11,126,20-Oct-11,123.5,125,23,9300,1160020,20-Oct-11,1
10/21/2011,21-Oct-11,140,21-Oct-11,125.1,134.3,43,20900,2799150,21-Oct-11,1
10/24/2011,24-Oct-11,140,24-Oct-11,138,138,9,21900,3024600,24-Oct-11,1
10/25/2011,25-Oct-11,136,25-Oct-11,135,135,23,36700,4954840,25-Oct-11,1
10/27/2011,27-Oct-11,135.5,27-Oct-11,135,135,35,192700,26014600,27-Oct-11,1
10/28/2011,28-Oct-11,138.8,28-Oct-11,135,136.1,20,45200,6109460,28-Oct-11,1
10/31/2011,31-Oct-11,138,31-Oct-11,135,136.1,19,37600,5088050,31-Oct-11,1
11/1/2011,1-Nov-11,139,1-Nov-11,136,137.8,36,17800,2442860,1-Nov-11,1
11/2/2011,2-Nov-11,148,2-Nov-11,137,144.9,85,97600,13854190,2-Nov-11,1
11/3/2011,3-Nov-11,150,3-Nov-11,144.5,144.9,41,75400,10943020,3-Nov-11,1
11/4/2011,4-Nov-11,148,4-Nov-11,144.9,144.9,18,33000,4784470,4-Nov-11,1
11/8/2011,8-Nov-11,145,8-Nov-11,141,141,50,437500,63084600,8-Nov-11,1
11/9/2011,9-Nov-11,144,9-Nov-11,140.9,141.3,15,31200,4400590,9-Nov-11,1
11/14/2011,14-Nov-11,141.5,14-Nov-11,141.2,141.2,45,46000,6496220,14-Nov-11,1
11/15/2011,15-Nov-11,141.6,15-Nov-11,138,139.6,39,377400,53398670,15-Nov-11,1
11/16/2011,16-Nov-11,140,16-Nov-11,138.5,138.5,7,1200,167250,16-Nov-11,1
11/17/2011,17-Nov-11,143.9,17-Nov-11,139.5,140,24,61600,8631020,17-Nov-11,1
11/18/2011,18-Nov-11,141,18-Nov-11,138,139.7,17,42200,5897390,18-Nov-11,1
11/21/2011,21-Nov-11,141,21-Nov-11,140,140.5,17,66000,9261400,21-Nov-11,1
11/22/2011,22-Nov-11,140,22-Nov-11,140,140,12,57500,8050000,22-Nov-11,1
11/23/2011,23-Nov-11,141.1,23-Nov-11,139,140,22,79800,11206050,23-Nov-11,1
11/24/2011,24-Nov-11,140,24-Nov-11,132,132,21,119000,16564760,24-Nov-11,1
11/25/2011,25-Nov-11,133,25-Nov-11,132.5,132.9,21,26900,3572730,25-Nov-11,1
11/28/2011,28-Nov-11,145.5,28-Nov-11,136.5,140.3,31,21200,2946720,28-Nov-11,1
11/29/2011,29-Nov-11,150,29-Nov-11,140.3,140.3,22,105200,15027920,29-Nov-11,1
11/30/2011,30-Nov-11,144.5,30-Nov-11,139,140,11,509100,68775310,30-Nov-11,1
12/1/2011,1-Dec-11,144,1-Dec-11,140,143.2,7,7300,1031100,1-Dec-11,1
12/2/2011,2-Dec-11,141.5,2-Dec-11,140,140.5,7,23700,3326250,2-Dec-11,1
12/5/2011,5-Dec-11,139,5-Dec-11,137,138.4,10,9300,1284700,5-Dec-11,1
12/6/2011,6-Dec-11,138,6-Dec-11,135,135.7,10,3000,407210,6-Dec-11,1
12/7/2011,7-Dec-11,141.5,7-Dec-11,140,141.2,6,3500,493290,7-Dec-11,1
12/8/2011,8-Dec-11,140,8-Dec-11,140,140,1,300,42000,8-Dec-11,1
12/9/2011,9-Dec-11,139,9-Dec-11,139,139,2,5000,695000,9-Dec-11,1
12/12/2011,12-Dec-11,138,12-Dec-11,138,138,6,7200,993600,12-Dec-11,1
12/13/2011,13-Dec-11,142,13-Dec-11,140,141.6,2,500,70800,13-Dec-11,1
12/14/2011,14-Dec-11,138.1,14-Dec-11,138,138.1,3,500,69030,14-Dec-11,1
12/15/2011,15-Dec-11,138.1,15-Dec-11,138.1,138.1,1,1000,138100,15-Dec-11,1
12/16/2011,16-Dec-11,138.4,16-Dec-11,138.1,138.1,12,15300,2113180,16-Dec-11,1
12/19/2011,19-Dec-11,138,19-Dec-11,138,138,5,13600,1876800,19-Dec-11,1
12/20/2011,20-Dec-11,138,20-Dec-11,135,135,3,8600,1176000,20-Dec-11,1
12/21/2011,21-Dec-11,137.9,21-Dec-11,135,135,6,4900,667850,21-Dec-11,1
12/22/2011,22-Dec-11,135.5,22-Dec-11,135,135,8,7300,985600,22-Dec-11,1
12/23/2011,23-Dec-11,140.5,23-Dec-11,137,139.9,18,33800,4651800,23-Dec-11,1
12/27/2011,27-Dec-11,140,27-Dec-11,139,139.5,3,3000,418500,27-Dec-11,1
12/28/2011,28-Dec-11,145,28-Dec-11,138,140,9,6500,909960,28-Dec-11,1
12/29/2011,29-Dec-11,142,29-Dec-11,139,142,2,600,84900,29-Dec-11,1
12/30/2011,30-Dec-11,142,30-Dec-11,137,141.5,6,29700,4201500,30-Dec-11,1
1/2/2012,2-Jan-12,141.3,2-Jan-12,140,140.8,4,1300,182660,2-Jan-12,1
1/5/2012,5-Jan-12,139.5,5-Jan-12,136.5,139.5,2,300,41250,5-Jan-12,1
1/6/2012,6-Jan-12,138,6-Jan-12,138,138,1,500,69000,6-Jan-12,1
1/9/2012,9-Jan-12,138,9-Jan-12,137,137,6,1600,220000,9-Jan-12,1
1/10/2012,10-Jan-12,137,10-Jan-12,136.6,137,7,3100,423830,10-Jan-12,1
1/11/2012,11-Jan-12,139,11-Jan-12,133,136,16,13400,1828680,11-Jan-12,1
1/12/2012,12-Jan-12,140,12-Jan-12,136,140,4,24900,3391960,12-Jan-12,1
1/13/2012,13-Jan-12,144,13-Jan-12,138.6,139.8,9,4200,593760,13-Jan-12,1
1/17/2012,17-Jan-12,144,17-Jan-12,136,137,9,6300,868200,17-Jan-12,1
1/18/2012,18-Jan-12,135.1,18-Jan-12,132,134.5,13,4800,646210,18-Jan-12,1
1/19/2012,19-Jan-12,135,19-Jan-12,134.9,135,16,14000,1889600,19-Jan-12,1
1/20/2012,20-Jan-12,133.3,20-Jan-12,133.2,133.3,2,200,26650,20-Jan-12,1
1/23/2012,23-Jan-12,135,23-Jan-12,132,132.2,32,26200,3471220,23-Jan-12,1
1/24/2012,24-Jan-12,131,24-Jan-12,116,128,23,65400,8247020,24-Jan-12,1
1/25/2012,25-Jan-12,128,25-Jan-12,120.3,128,20,14400,1832320,25-Jan-12,1
1/26/2012,26-Jan-12,129,26-Jan-12,120.4,125.2,16,33200,4061800,26-Jan-12,1
1/27/2012,27-Jan-12,134.9,27-Jan-12,129,133.1,47,60500,7948430,27-Jan-12,1
1/30/2012,30-Jan-12,136,30-Jan-12,131,134.9,22,54600,7365330,30-Jan-12,1
1/31/2012,31-Jan-12,142.9,31-Jan-12,135,137.3,21,7100,965520,31-Jan-12,1
2/1/2012,1-Feb-12,139.5,1-Feb-12,138,139.3,6,4800,668550,1-Feb-12,1
2/2/2012,2-Feb-12,137,2-Feb-12,132,135.4,5,1000,135050,2-Feb-12,1
2/3/2012,3-Feb-12,135,3-Feb-12,131,132.9,5,2600,345400,3-Feb-12,1
2/6/2012,6-Feb-12,138,6-Feb-12,132,132.8,14,12200,1622080,6-Feb-12,1
2/8/2012,8-Feb-12,133,8-Feb-12,125.5,126.4,8,2900,368760,8-Feb-12,1
2/9/2012,9-Feb-12,130,9-Feb-12,125,125,16,88100,11050230,9-Feb-12,1
2/13/2012,13-Feb-12,122.5,13-Feb-12,113,118.3,39,44400,5158820,13-Feb-12,1
2/14/2012,14-Feb-12,118,14-Feb-12,109,110,46,103900,11500760,14-Feb-12,1
2/15/2012,15-Feb-12,118,15-Feb-12,103,110.1,38,91200,9928810,15-Feb-12,1
2/16/2012,16-Feb-12,117,16-Feb-12,112,115,21,27400,3150760,16-Feb-12,1
2/17/2012,17-Feb-12,118,17-Feb-12,114,118,31,129700,15299150,17-Feb-12,1
2/21/2012,21-Feb-12,122,21-Feb-12,116,120,59,436500,51788030,21-Feb-12,1
2/22/2012,22-Feb-12,129,22-Feb-12,122,125,95,280100,34939080,22-Feb-12,1
2/23/2012,23-Feb-12,129,23-Feb-12,124.5,124.5,59,242700,30353000,23-Feb-12,1
2/24/2012,24-Feb-12,127.5,24-Feb-12,120,120,10,106480,12792969.5,24-Feb-12,1
2/27/2012,27-Feb-12,120.1,27-Feb-12,115.5,118,54,305612,36060433,27-Feb-12,1
2/28/2012,28-Feb-12,119,28-Feb-12,118,119,6,100116,11913688,28-Feb-12,1
2/29/2012,29-Feb-12,119.5,29-Feb-12,118.5,119.5,5,423,50330.5,29-Feb-12,1
3/1/2012,1-Mar-12,120,1-Mar-12,118.7,120,26,62040,7444774,1-Mar-12,1
3/2/2012,2-Mar-12,121,2-Mar-12,118.1,120,13,7710,925848,2-Mar-12,1
3/5/2012,5-Mar-12,121,5-Mar-12,119,120.1,11,8812,1058848,5-Mar-12,1
3/6/2012,6-Mar-12,120,6-Mar-12,118,120,6,956,113198,6-Mar-12,1
3/8/2012,8-Mar-12,120,8-Mar-12,118,118.3,12,35038,4145014,8-Mar-12,1
3/9/2012,9-Mar-12,119.9,9-Mar-12,118,118.1,11,29612,3496186,9-Mar-12,1
3/12/2012,12-Mar-12,119,12-Mar-12,116,117,11,56556,6622834,12-Mar-12,1
3/13/2012,13-Mar-12,118,13-Mar-12,115,115,12,159847,18383015,13-Mar-12,1
3/14/2012,14-Mar-12,118,14-Mar-12,114,118,8,2342,275857,14-Mar-12,1
3/15/2012,15-Mar-12,119,15-Mar-12,115,117.6,6,2501,288599,15-Mar-12,1
3/16/2012,16-Mar-12,118.5,16-Mar-12,116,118.5,5,1220,142855,16-Mar-12,1
3/19/2012,19-Mar-12,119,19-Mar-12,114,115.1,17,37626,4331910,19-Mar-12,1
3/20/2012,20-Mar-12,116.4,20-Mar-12,114,115.7,13,38770,4461320,20-Mar-12,1
3/21/2012,21-Mar-12,116,21-Mar-12,116,116,3,2100,243600,21-Mar-12,1
3/22/2012,22-Mar-12,118,22-Mar-12,112,115.9,8,3200,365310,22-Mar-12,1
3/23/2012,23-Mar-12,118.5,23-Mar-12,116,118.5,5,2043,240882.5,23-Mar-12,1
3/26/2012,26-Mar-12,118.5,26-Mar-12,117,118.4,9,25000,2960330,26-Mar-12,1
3/27/2012,27-Mar-12,118.5,27-Mar-12,116.5,116.5,7,5156,605724,27-Mar-12,1
3/28/2012,28-Mar-12,119,28-Mar-12,116,117,7,3900,455496.4,28-Mar-12,1
3/29/2012,29-Mar-12,119,29-Mar-12,116,118.9,5,12419,1476814,29-Mar-12,1
3/30/2012,30-Mar-12,115,30-Mar-12,115,115,1,100,11500,30-Mar-12,1
4/2/2012,2-Apr-12,114,2-Apr-12,112,112,9,3209,363326,2-Apr-12,1
4/3/2012,3-Apr-12,114,3-Apr-12,112,113,8,5069,568963,3-Apr-12,1
4/4/2012,4-Apr-12,115,4-Apr-12,115,115,3,2200,253000,4-Apr-12,1
4/5/2012,5-Apr-12,116,5-Apr-12,115,115.2,4,1300,149800,5-Apr-12,1
4/9/2012,9-Apr-12,110,9-Apr-12,105.1,110,7,1441,155314,9-Apr-12,1
4/10/2012,10-Apr-12,113.9,10-Apr-12,108.1,110,11,3290,362162,10-Apr-12,1
4/11/2012,11-Apr-12,118.5,11-Apr-12,110,117.6,10,3420,389658,11-Apr-12,1
4/16/2012,16-Apr-12,116.5,16-Apr-12,112,115.8,3,1200,139000,16-Apr-12,1
4/17/2012,17-Apr-12,114,17-Apr-12,113.1,113.2,5,1170,132417,17-Apr-12,1
4/18/2012,18-Apr-12,113,18-Apr-12,113,113,8,2376,268488,18-Apr-12,1
4/19/2012,19-Apr-12,115,19-Apr-12,112,114,25,44711,5028442,19-Apr-12,1
4/20/2012,20-Apr-12,114,20-Apr-12,113.3,113.5,10,6508,739748.4,20-Apr-12,1
4/23/2012,23-Apr-12,113,23-Apr-12,111,111,5,4728,532618,23-Apr-12,1
4/24/2012,24-Apr-12,112.5,24-Apr-12,111,112,11,19369,2169522,24-Apr-12,1
4/25/2012,25-Apr-12,113.9,25-Apr-12,111,111,7,1760,197586.1,25-Apr-12,1
4/26/2012,26-Apr-12,113.9,26-Apr-12,105.2,113.5,5,2040,231381,26-Apr-12,1
4/30/2012,30-Apr-12,110,30-Apr-12,110,110,8,500,55000,30-Apr-12,1
5/2/2012,2-May-12,113,2-May-12,107,112,6,4054,454090,2-May-12,1
5/3/2012,3-May-12,112,3-May-12,109.2,109.8,23,207936,22871723,3-May-12,1
5/4/2012,4-May-12,110,4-May-12,107,107,27,211402,23242378,4-May-12,1
5/8/2012,8-May-12,108.5,8-May-12,108,108,9,95124,10278393,8-May-12,1
5/9/2012,9-May-12,108,9-May-12,106,106,16,15039,1594251.4,9-May-12,1
5/10/2012,10-May-12,106.2,10-May-12,106,106,20,21341,2262813.1,10-May-12,1
5/11/2012,11-May-12,106,11-May-12,105,105,12,76901,8151105.9,11-May-12,1
5/14/2012,14-May-12,106,14-May-12,105,105,10,14160,1488850,14-May-12,1
5/15/2012,15-May-12,106,15-May-12,105,105.1,14,101401,10647295,15-May-12,1
5/16/2012,16-May-12,107,16-May-12,104.9,105,25,158100,16601920,16-May-12,1
5/17/2012,17-May-12,110,17-May-12,104.5,104.7,11,51630,5420801,17-May-12,1
5/18/2012,18-May-12,105,18-May-12,104.5,104.5,9,75576,7935442,18-May-12,1
5/21/2012,21-May-12,105,21-May-12,103,103.1,25,120000,12382790,21-May-12,1
5/22/2012,22-May-12,103,22-May-12,102.5,102.8,16,52311,5381677,22-May-12,1
5/23/2012,23-May-12,102.1,23-May-12,96.5,99.7,47,182961,18647139.4,23-May-12,1
5/24/2012,24-May-12,101.9,24-May-12,99,99.1,9,1244,123373.2,24-May-12,1
5/25/2012,25-May-12,101.4,25-May-12,101.4,101.4,2,101,10241.4,25-May-12,1
5/28/2012,28-May-12,100,28-May-12,99,99,21,63134,6251977.6,28-May-12,1
5/29/2012,29-May-12,98.3,29-May-12,97.5,97.5,17,100216,9821066.8,29-May-12,1
5/30/2012,30-May-12,98,30-May-12,91,94.9,7,20730,1966995,30-May-12,1
5/31/2012,31-May-12,98,31-May-12,95,95,5,2201,209127.9,31-May-12,1
6/1/2012,1-Jun-12,99,1-Jun-12,97.9,98.1,14,12937,1268386.1,1-Jun-12,1
6/5/2012,5-Jun-12,98,5-Jun-12,92,92.2,10,4412,414174,5-Jun-12,1
6/6/2012,6-Jun-12,95.5,6-Jun-12,92,92.9,27,183701,17115377.5,6-Jun-12,1
6/7/2012,7-Jun-12,95,7-Jun-12,92.5,92.6,17,76407,7075999,7-Jun-12,1
6/8/2012,8-Jun-12,93.8,8-Jun-12,92,92.5,20,65917,6100965.3,8-Jun-12,1
6/11/2012,11-Jun-12,93.8,11-Jun-12,90,92.4,11,3377,313936.9,11-Jun-12,1
6/12/2012,12-Jun-12,93.9,12-Jun-12,92,92.5,12,1291,119396.9,12-Jun-12,1
6/13/2012,13-Jun-12,94,13-Jun-12,91.1,92.3,8,596,54855.4,13-Jun-12,1
6/14/2012,14-Jun-12,93,14-Jun-12,92.1,92.4,6,848,78504,14-Jun-12,1
6/15/2012,15-Jun-12,94,15-Jun-12,92.7,93.3,7,1277,119195.9,15-Jun-12,1
6/18/2012,18-Jun-12,94,18-Jun-12,90,90,31,94521,8511870.1,18-Jun-12,1
6/19/2012,19-Jun-12,94,19-Jun-12,90,92.6,46,225064,20272124.2,19-Jun-12,1
6/20/2012,20-Jun-12,98,20-Jun-12,92,93,49,49902,4651046,20-Jun-12,1
6/21/2012,21-Jun-12,93,21-Jun-12,92,92,16,20651,1909973,21-Jun-12,1
6/22/2012,22-Jun-12,96,22-Jun-12,90,92.7,18,7140,658716.6,22-Jun-12,1
6/25/2012,25-Jun-12,97,25-Jun-12,90.2,97,6,360,34167,25-Jun-12,1
6/26/2012,26-Jun-12,93,26-Jun-12,90.5,93,7,20661,1920383,26-Jun-12,1
6/27/2012,27-Jun-12,94,27-Jun-12,91.3,93.9,4,269,24743.7,27-Jun-12,1
6/28/2012,28-Jun-12,94,28-Jun-12,93.5,93.5,2,2,187.5,28-Jun-12,1
6/29/2012,29-Jun-12,93.5,29-Jun-12,91,91,12,4001,364283.3,29-Jun-12,1
7/2/2012,2-Jul-12,93.5,2-Jul-12,90,90.3,13,2157,194237.1,2-Jul-12,1
7/4/2012,4-Jul-12,93,4-Jul-12,90,90.1,23,48053,4370097.5,4-Jul-12,1
7/5/2012,5-Jul-12,93,5-Jul-12,92.9,92.9,2,201,18692.9,5-Jul-12,1
7/6/2012,6-Jul-12,93,6-Jul-12,90.3,90.3,24,227758,21181126.6,6-Jul-12,1
7/9/2012,9-Jul-12,93,9-Jul-12,92.2,92.7,21,49384,4562355.5,9-Jul-12,1
7/10/2012,10-Jul-12,94,10-Jul-12,94,94,1,1,94,10-Jul-12,1
7/11/2012,11-Jul-12,93.5,11-Jul-12,93.5,93.5,1,320,29920,11-Jul-12,1
7/12/2012,12-Jul-12,93.6,12-Jul-12,90.4,93.5,10,60200,5628872.4,12-Jul-12,1
7/13/2012,13-Jul-12,93.5,13-Jul-12,90,90,34,63459,5870975.5,13-Jul-12,1
7/16/2012,16-Jul-12,92,16-Jul-12,90.2,90.2,3,201,18212,16-Jul-12,1
7/17/2012,17-Jul-12,90.2,17-Jul-12,90,90.1,7,3101,279360.1,17-Jul-12,1
7/18/2012,18-Jul-12,92,18-Jul-12,90,90,16,6401,576145.9,18-Jul-12,1
7/19/2012,19-Jul-12,90,19-Jul-12,89.5,89.9,21,52562,4729791.8,19-Jul-12,1
7/20/2012,20-Jul-12,90,20-Jul-12,89.2,89.9,18,71565,6435619.8,20-Jul-12,1
7/23/2012,23-Jul-12,92.8,23-Jul-12,89,90,16,31000,2788417,23-Jul-12,1
7/24/2012,24-Jul-12,90,24-Jul-12,89,90,6,30531,2720446,24-Jul-12,1
7/25/2012,25-Jul-12,90,25-Jul-12,89,90,13,33800,3031890,25-Jul-12,1
7/26/2012,26-Jul-12,90,26-Jul-12,90,90,1,1000,90000,26-Jul-12,1
7/27/2012,27-Jul-12,92.8,27-Jul-12,90,91,4,2405,218575,27-Jul-12,1
7/30/2012,30-Jul-12,91,30-Jul-12,89.2,90,12,14960,1345707,30-Jul-12,1
7/31/2012,31-Jul-12,89,31-Jul-12,88,88.7,22,3816,338739.6,31-Jul-12,1
8/2/2012,2-Aug-12,90,2-Aug-12,88,88,19,6723,593199,2-Aug-12,1
8/3/2012,3-Aug-12,88,3-Aug-12,86,86.9,7,2853,249291.5,3-Aug-12,1
8/6/2012,6-Aug-12,86,6-Aug-12,85.2,85.6,9,671,57604.2,6-Aug-12,1
8/7/2012,7-Aug-12,88,7-Aug-12,85.5,85.5,12,1510,129494.8,7-Aug-12,1
8/8/2012,8-Aug-12,88,8-Aug-12,84.5,85.5,16,47379,4051027.7,8-Aug-12,1
8/9/2012,9-Aug-12,87,9-Aug-12,84,86,7,5325,457631.5,9-Aug-12,1
8/10/2012,10-Aug-12,87,10-Aug-12,84,86.2,14,4169,357202.5,10-Aug-12,1
8/13/2012,13-Aug-12,88,13-Aug-12,85,86,12,17341,1491291,13-Aug-12,1
8/14/2012,14-Aug-12,87,14-Aug-12,84.2,84.3,28,16414,1413162.3,14-Aug-12,1
8/15/2012,15-Aug-12,87,15-Aug-12,84.3,86.2,9,23174,2015900,15-Aug-12,1
8/16/2012,16-Aug-12,87,16-Aug-12,84.2,84.2,4,25410,2207590,16-Aug-12,1
8/17/2012,17-Aug-12,86,17-Aug-12,84.1,84.2,5,220,18536.4,17-Aug-12,1
8/20/2012,20-Aug-12,86,20-Aug-12,84.2,85.5,12,13290,1136324,20-Aug-12,1
8/21/2012,21-Aug-12,86,21-Aug-12,84.2,84.7,7,827,71112.2,21-Aug-12,1
8/22/2012,22-Aug-12,86,22-Aug-12,86,86,2,18,1548,22-Aug-12,1
8/23/2012,23-Aug-12,86,23-Aug-12,83,84.2,28,27859,2391392.1,23-Aug-12,1
8/24/2012,24-Aug-12,85.9,24-Aug-12,85,85,2,29,2467.7,24-Aug-12,1
8/27/2012,27-Aug-12,85.9,27-Aug-12,84.9,85.2,21,3024,257588.6,27-Aug-12,1
8/28/2012,28-Aug-12,86,28-Aug-12,82.9,83,36,140121,11680359,28-Aug-12,1
8/29/2012,29-Aug-12,85,29-Aug-12,83.1,84.9,9,816,68348,29-Aug-12,1
8/30/2012,30-Aug-12,84.9,30-Aug-12,84,84.9,8,1650,139905,30-Aug-12,1
9/3/2012,3-Sep-12,88.2,3-Sep-12,84,86.8,41,115387,10008120,3-Sep-12,1
9/4/2012,4-Sep-12,92,4-Sep-12,87,90,50,39361,3500405.5,4-Sep-12,1
9/5/2012,5-Sep-12,94,5-Sep-12,89,89.6,17,14120,1273620,5-Sep-12,1
9/6/2012,6-Sep-12,90,6-Sep-12,88.1,89.8,26,9188,823688.7,6-Sep-12,1
9/7/2012,7-Sep-12,94,7-Sep-12,88,90,22,22804,2056735.2,7-Sep-12,1
9/10/2012,10-Sep-12,99.5,10-Sep-12,90,94.9,70,45312,4287864.8,10-Sep-12,1
9/11/2012,11-Sep-12,96.8,11-Sep-12,90,94.8,28,20390,1885056.2,11-Sep-12,1
9/12/2012,12-Sep-12,95,12-Sep-12,90.4,93.5,25,20666,1942068.9,12-Sep-12,1
9/13/2012,13-Sep-12,94.8,13-Sep-12,92,93.7,28,21045,1979744.2,13-Sep-12,1
9/14/2012,14-Sep-12,109.9,14-Sep-12,94.9,104,116,131081,13412084.8,14-Sep-12,1
9/17/2012,17-Sep-12,106,17-Sep-12,101.4,104,62,80438,8332281.5,17-Sep-12,1
9/18/2012,18-Sep-12,105,18-Sep-12,101.4,101.9,37,64602,6646493.2,18-Sep-12,1
9/19/2012,19-Sep-12,102.7,19-Sep-12,97.5,102.6,48,49293,4920379.4,19-Sep-12,1
9/20/2012,20-Sep-12,105,20-Sep-12,101,101.3,13,4051,411495,20-Sep-12,1
9/21/2012,21-Sep-12,105,21-Sep-12,98.6,101.4,24,18562,1889059.9,21-Sep-12,1
9/24/2012,24-Sep-12,104,24-Sep-12,102.9,102.9,2,501,51554,24-Sep-12,1
9/25/2012,25-Sep-12,104,25-Sep-12,99.1,103.8,27,33538,3462912,25-Sep-12,1
9/26/2012,26-Sep-12,103.5,26-Sep-12,100.6,101.2,11,7367,744790.2,26-Sep-12,1
9/27/2012,27-Sep-12,105.5,27-Sep-12,102.1,102.1,34,211851,22225919.7,27-Sep-12,1
9/28/2012,28-Sep-12,104,28-Sep-12,102.5,103,9,15701,1617969,28-Sep-12,1
10/1/2012,1-Oct-12,107,1-Oct-12,101,102,35,21789,2237324.3,1-Oct-12,1
10/2/2012,2-Oct-12,104.9,2-Oct-12,101.1,104.2,41,347957,36015144.2,2-Oct-12,1
10/3/2012,3-Oct-12,109.8,3-Oct-12,104.5,105.4,140,486676,51685350.5,3-Oct-12,1
10/4/2012,4-Oct-12,109,4-Oct-12,104,104.5,18,17116,1805903.9,4-Oct-12,1
10/5/2012,5-Oct-12,107.3,5-Oct-12,103.1,107.1,30,18511,1953669.7,5-Oct-12,1
10/8/2012,8-Oct-12,107.3,8-Oct-12,104.7,104.9,9,362,38175.2,8-Oct-12,1
10/9/2012,9-Oct-12,106.9,9-Oct-12,103.5,104.4,12,7411,770413.5,9-Oct-12,1
10/10/2012,10-Oct-12,105.5,10-Oct-12,101,104.7,25,79122,8270778.5,10-Oct-12,1
10/11/2012,11-Oct-12,105.4,11-Oct-12,104.7,105,53,142805,14994637.5,11-Oct-12,1
10/12/2012,12-Oct-12,105.4,12-Oct-12,103.2,104.7,12,29304,3075733.3,12-Oct-12,1
10/15/2012,15-Oct-12,104,15-Oct-12,103,103.2,9,6553,678582,15-Oct-12,1
10/16/2012,16-Oct-12,104.1,16-Oct-12,100,100,17,16017,1606849.1,16-Oct-12,1
10/17/2012,17-Oct-12,104.9,17-Oct-12,99.9,100.1,29,57045,5705783.9,17-Oct-12,1
10/18/2012,18-Oct-12,105,18-Oct-12,100,104.1,19,9806,1007217,18-Oct-12,1
10/19/2012,19-Oct-12,106.4,19-Oct-12,106,106.4,3,10500,1116999.6,19-Oct-12,1
10/22/2012,22-Oct-12,104.9,22-Oct-12,100,102.1,10,2022,203890.9,22-Oct-12,1
10/23/2012,23-Oct-12,106,23-Oct-12,100,100.1,42,17554,1757889.6,23-Oct-12,1
10/24/2012,24-Oct-12,103,24-Oct-12,98,100,11,2486,247532,24-Oct-12,1
10/25/2012,25-Oct-12,104,25-Oct-12,98.5,102.7,14,2068,211707.1,25-Oct-12,1
10/26/2012,26-Oct-12,104.5,26-Oct-12,98.1,99.2,3,271,26886.5,26-Oct-12,1
10/30/2012,30-Oct-12,104.5,30-Oct-12,104.5,104.5,1,10,1045,30-Oct-12,1
10/31/2012,31-Oct-12,99,31-Oct-12,99,99,1,2000,198000,31-Oct-12,1
11/1/2012,1-Nov-12,102,1-Nov-12,99,100,3,130,13181,1-Nov-12,1
11/2/2012,2-Nov-12,104,2-Nov-12,101.5,102,10,5603,571374.7,2-Nov-12,1
11/5/2012,5-Nov-12,102.8,5-Nov-12,100.5,100.5,9,32399,3258531.8,5-Nov-12,1
11/6/2012,6-Nov-12,104.4,6-Nov-12,102.8,103.4,4,595,61370.4,6-Nov-12,1
11/7/2012,7-Nov-12,105,7-Nov-12,101,104.6,7,700,72510,7-Nov-12,1
11/8/2012,8-Nov-12,104,8-Nov-12,100.5,100.6,14,4316,435116.4,8-Nov-12,1
11/9/2012,9-Nov-12,100.6,9-Nov-12,100.5,100.5,5,3590,360992,9-Nov-12,1
11/12/2012,12-Nov-12,101,12-Nov-12,96,96.1,9,33979,3408034.5,12-Nov-12,1
11/14/2012,14-Nov-12,96.1,14-Nov-12,93.1,93.9,25,18831,1796853.1,14-Nov-12,1
11/15/2012,15-Nov-12,95.9,15-Nov-12,92,95,12,43318,4053552.7,15-Nov-12,1
11/16/2012,16-Nov-12,98,16-Nov-12,89.1,95.7,27,41924,4013999.2,16-Nov-12,1
11/19/2012,19-Nov-12,95,19-Nov-12,90,95,15,24326,2309125.5,19-Nov-12,1
11/20/2012,20-Nov-12,94,20-Nov-12,90.5,90.5,3,5010,470905,20-Nov-12,1
11/21/2012,21-Nov-12,94,21-Nov-12,90.1,94,4,266,24965,21-Nov-12,1
11/22/2012,22-Nov-12,95,22-Nov-12,94.5,94.9,15,33773,3207190,22-Nov-12,1
11/23/2012,23-Nov-12,94,23-Nov-12,89.3,91.1,18,8295,747857.4,23-Nov-12,1
11/26/2012,26-Nov-12,91.1,26-Nov-12,91,91.1,4,604,55014,26-Nov-12,1
11/28/2012,28-Nov-12,91.1,28-Nov-12,90.3,91,2,120,10916,28-Nov-12,1
11/29/2012,29-Nov-12,95,29-Nov-12,91,92,12,6980,641240,29-Nov-12,1
11/30/2012,30-Nov-12,90,30-Nov-12,88,88.7,26,83786,7456175.2,30-Nov-12,1
12/3/2012,3-Dec-12,95,3-Dec-12,88.5,88.5,3,102,9036.5,3-Dec-12,1
12/4/2012,4-Dec-12,92,4-Dec-12,88.5,92,3,272,24464,4-Dec-12,1
12/5/2012,5-Dec-12,92,5-Dec-12,92,92,1,10,920,5-Dec-12,1
12/6/2012,6-Dec-12,94,6-Dec-12,90,90.6,9,1500,135886,6-Dec-12,1
12/7/2012,7-Dec-12,94,7-Dec-12,94,94,1,100,9400,7-Dec-12,1
12/11/2012,11-Dec-12,91.9,11-Dec-12,90,91.9,5,340,30790,11-Dec-12,1
12/12/2012,12-Dec-12,94.4,12-Dec-12,91,93.9,22,23986,2220455.6,12-Dec-12,1
12/13/2012,13-Dec-12,96,13-Dec-12,94,94.5,17,25801,2438644,13-Dec-12,1
12/14/2012,14-Dec-12,94,14-Dec-12,92,93.8,4,544,51036,14-Dec-12,1
12/17/2012,17-Dec-12,94.5,17-Dec-12,92,92.8,6,1594,147860,17-Dec-12,1
12/18/2012,18-Dec-12,94.5,18-Dec-12,90.1,94.4,2,87,8217.1,18-Dec-12,1
12/19/2012,19-Dec-12,99,19-Dec-12,90.2,94.2,15,3034,285960,19-Dec-12,1
12/21/2012,21-Dec-12,95,21-Dec-12,94,94.9,5,14732,1397866.8,21-Dec-12,1
12/26/2012,26-Dec-12,94,26-Dec-12,94,94,2,104,9776,26-Dec-12,1
12/28/2012,28-Dec-12,94,28-Dec-12,94,94,7,9896,930224,28-Dec-12,1
12/31/2012,31-Dec-12,99.5,31-Dec-12,93,99,9,955,93836,31-Dec-12,1
1/2/2013,2-Jan-13,99,2-Jan-13,99,99,3,3401,336699,2-Jan-13,1
1/3/2013,3-Jan-13,99,3-Jan-13,96,96.1,15,21110,2028924.4,3-Jan-13,1
1/4/2013,4-Jan-13,99,4-Jan-13,98.9,99,2,2580,255410,4-Jan-13,1
1/7/2013,7-Jan-13,99,7-Jan-13,95,95,5,50202,4769640,7-Jan-13,1
1/8/2013,8-Jan-13,99,8-Jan-13,95,95.1,7,3170,301311.5,8-Jan-13,1
1/9/2013,9-Jan-13,99,9-Jan-13,96,96,11,18099,1738374,9-Jan-13,1
1/10/2013,10-Jan-13,99,10-Jan-13,96.1,98,4,312,30467,10-Jan-13,1
1/11/2013,11-Jan-13,97.8,11-Jan-13,96,96,21,80557,7733802,11-Jan-13,1
1/15/2013,15-Jan-13,96.1,15-Jan-13,96,96,21,112820,10840770,15-Jan-13,1
1/16/2013,16-Jan-13,100,16-Jan-13,96.1,99.9,22,34674,3366067.9,16-Jan-13,1
1/17/2013,17-Jan-13,105,17-Jan-13,99,104,22,36527,3666685,17-Jan-13,1
1/18/2013,18-Jan-13,104.9,18-Jan-13,98,103,10,1240,127599.7,18-Jan-13,1
1/21/2013,21-Jan-13,102,21-Jan-13,100.9,101.2,4,1596,161346.4,21-Jan-13,1
1/22/2013,22-Jan-13,100,22-Jan-13,97.5,99.6,3,700,69750,22-Jan-13,1
1/23/2013,23-Jan-13,109,23-Jan-13,99,101.8,28,18324,1865503.3,23-Jan-13,1
1/24/2013,24-Jan-13,105,24-Jan-13,99,103.2,4,360,37340,24-Jan-13,1
1/28/2013,28-Jan-13,102,28-Jan-13,100,102,7,5061,506222,28-Jan-13,1
1/29/2013,29-Jan-13,99.5,29-Jan-13,99,99.3,36,193939,19212261,29-Jan-13,1
1/30/2013,30-Jan-13,101,30-Jan-13,99,99.5,26,306701,30398692,30-Jan-13,1
1/31/2013,31-Jan-13,103,31-Jan-13,98,98.4,13,2140,213010,31-Jan-13,1
2/1/2013,1-Feb-13,101,1-Feb-13,98,99.2,23,41420,4104942,1-Feb-13,1
2/5/2013,5-Feb-13,100.5,5-Feb-13,98,99,10,5606,561093,5-Feb-13,1
2/6/2013,6-Feb-13,98.2,6-Feb-13,98,98.2,8,1594,156223.6,6-Feb-13,1
2/7/2013,7-Feb-13,100.5,7-Feb-13,99.8,100,32,118347,11834610.5,7-Feb-13,1
2/8/2013,8-Feb-13,100,8-Feb-13,98.2,100,17,26732,2672552,8-Feb-13,1
2/11/2013,11-Feb-13,100,11-Feb-13,98.5,99.5,17,13025,1296024.5,11-Feb-13,1
2/12/2013,12-Feb-13,100,12-Feb-13,98.5,100,13,202860,20285940,12-Feb-13,1
2/13/2013,13-Feb-13,100.2,13-Feb-13,98.4,100,26,13782,1378368.4,13-Feb-13,1
2/14/2013,14-Feb-13,100.3,14-Feb-13,98.5,98.5,25,24316,2423528.4,14-Feb-13,1
2/15/2013,15-Feb-13,100,15-Feb-13,98.6,99.9,8,2131,212792,15-Feb-13,1
2/18/2013,18-Feb-13,100.2,18-Feb-13,99,99.3,16,94481,9363662.8,18-Feb-13,1
2/19/2013,19-Feb-13,100,19-Feb-13,99,99,15,35204,3486233.5,19-Feb-13,1
2/20/2013,20-Feb-13,100,20-Feb-13,99,99.1,5,9624,953310,20-Feb-13,1
2/21/2013,21-Feb-13,99.9,21-Feb-13,99,99,3,246,24462,21-Feb-13,1
2/22/2013,22-Feb-13,99,22-Feb-13,99,99,12,47135,4666365,22-Feb-13,1
2/26/2013,26-Feb-13,102,26-Feb-13,99,99.1,13,1901,190402,26-Feb-13,1
2/27/2013,27-Feb-13,100,27-Feb-13,98,98,10,61150,6053980,27-Feb-13,1
2/28/2013,28-Feb-13,98,28-Feb-13,97,97,10,105463,10333674,28-Feb-13,1
3/1/2013,1-Mar-13,99,1-Mar-13,97.9,99,34,303111,29820147.7,1-Mar-13,1
3/4/2013,4-Mar-13,98,4-Mar-13,96,97,15,101400,9936790,4-Mar-13,1
3/5/2013,5-Mar-13,99,5-Mar-13,97,98.1,21,138410,13572590,5-Mar-13,1
3/6/2013,6-Mar-13,100,6-Mar-13,98,98,16,5778,567673,6-Mar-13,1
3/7/2013,7-Mar-13,99.5,7-Mar-13,98,98.7,17,363368,35642935.4,7-Mar-13,1
3/8/2013,8-Mar-13,101,8-Mar-13,98.2,100,59,437312,43718945,8-Mar-13,1
3/11/2013,11-Mar-13,101,11-Mar-13,98,98.3,9,3230,318321.9,11-Mar-13,1
3/12/2013,12-Mar-13,100,12-Mar-13,95.1,98,16,109201,10694244.9,12-Mar-13,1
3/13/2013,13-Mar-13,98,13-Mar-13,96,98,10,41200,4037140,13-Mar-13,1
3/15/2013,15-Mar-13,98,15-Mar-13,97,97,3,210,20380,15-Mar-13,1
3/18/2013,18-Mar-13,98,18-Mar-13,95.6,96.4,9,1625,156569.4,18-Mar-13,1
3/19/2013,19-Mar-13,98,19-Mar-13,96,98,10,2099,202108,19-Mar-13,1
3/20/2013,20-Mar-13,97.9,20-Mar-13,96,97.3,8,4518,439552.2,20-Mar-13,1
3/21/2013,21-Mar-13,97.5,21-Mar-13,95,97.4,17,25894,2507657.5,21-Mar-13,1
3/22/2013,22-Mar-13,100,22-Mar-13,97.5,99,9,5681,562544.6,22-Mar-13,1
3/25/2013,25-Mar-13,100,25-Mar-13,99.7,100,3,5010,500997,25-Mar-13,1
3/27/2013,27-Mar-13,100,27-Mar-13,98,98.9,14,15371,1531220,27-Mar-13,1
3/28/2013,28-Mar-13,100,28-Mar-13,98.5,99.5,10,20801,2069123,28-Mar-13,1
4/1/2013,1-Apr-13,100,1-Apr-13,100,100,1,1,100,1-Apr-13,1
4/2/2013,2-Apr-13,100,2-Apr-13,95.1,100,59,309111,30871897,2-Apr-13,1
4/3/2013,3-Apr-13,100,3-Apr-13,100,100,10,156626,15662600,3-Apr-13,1
4/5/2013,5-Apr-13,100,5-Apr-13,96.1,98.3,9,2101,206402.1,5-Apr-13,1
4/8/2013,8-Apr-13,99,8-Apr-13,99,99,2,460,45540,8-Apr-13,1
4/9/2013,9-Apr-13,97,9-Apr-13,95.1,95.6,6,600,57375,9-Apr-13,1
4/10/2013,10-Apr-13,98.9,10-Apr-13,98.9,98.9,1,1,98.9,10-Apr-13,1
4/11/2013,11-Apr-13,98.1,11-Apr-13,98.1,98.1,2,10000,981000,11-Apr-13,1
4/12/2013,12-Apr-13,98.9,12-Apr-13,96,98.9,4,500,48290,12-Apr-13,1
4/16/2013,16-Apr-13,99,16-Apr-13,96,96.2,2,17,1635,16-Apr-13,1
4/17/2013,17-Apr-13,98.9,17-Apr-13,95,96,20,16870,1618601.5,17-Apr-13,1
4/18/2013,18-Apr-13,99.7,18-Apr-13,96.5,96.9,9,1347,130431.2,18-Apr-13,1
4/19/2013,19-Apr-13,98.8,19-Apr-13,96,96.7,7,280041,26884429.8,19-Apr-13,1
4/22/2013,22-Apr-13,96.3,22-Apr-13,95,95.9,23,13450,1289155.4,22-Apr-13,1
4/23/2013,23-Apr-13,97.5,23-Apr-13,97,97.3,4,576,56072,23-Apr-13,1
4/24/2013,24-Apr-13,98.5,24-Apr-13,98,98,12,1980,194130,24-Apr-13,1
4/26/2013,26-Apr-13,98.5,26-Apr-13,95.5,98,11,9740,953983.5,26-Apr-13,1
4/30/2013,30-Apr-13,97,30-Apr-13,96.1,96.9,7,4506,435003.1,30-Apr-13,1
5/2/2013,2-May-13,98.5,2-May-13,95.2,98,14,4400,431012.7,2-May-13,1
5/3/2013,3-May-13,98,3-May-13,97,97.2,21,61473,5997105.3,3-May-13,1
5/6/2013,6-May-13,105,6-May-13,98,100.5,266,651228,65247948.9,6-May-13,1
5/7/2013,7-May-13,106,7-May-13,103,104,157,213242,22210620.9,7-May-13,1
5/8/2013,8-May-13,108.8,8-May-13,103.4,107.3,151,317792,33804670.5,8-May-13,1
5/9/2013,9-May-13,111.9,9-May-13,108,108.4,228,277123,30533099.2,9-May-13,1
5/10/2013,10-May-13,111,10-May-13,110,110.4,72,156750,17313225,10-May-13,1
5/13/2013,13-May-13,112,13-May-13,109,109.8,54,95120,10525465,13-May-13,1
5/14/2013,14-May-13,110.5,14-May-13,108.1,108.2,31,22863,2487846,14-May-13,1
5/15/2013,15-May-13,108.6,15-May-13,106,106.1,52,81538,8675340,15-May-13,1
5/16/2013,16-May-13,110,16-May-13,107.5,108.7,42,33851,3692716,16-May-13,1
5/17/2013,17-May-13,110,17-May-13,108.7,109.4,65,143448,15754971.8,17-May-13,1
5/20/2013,20-May-13,109.9,20-May-13,108,108.7,44,1277472,139027128.2,20-May-13,1
5/21/2013,21-May-13,110,21-May-13,107.5,107.5,65,447229,48165979.5,21-May-13,1
5/22/2013,22-May-13,109,22-May-13,106.6,108,14,7271,789698,22-May-13,1
5/23/2013,23-May-13,109,23-May-13,108.5,108.7,3,1800,195700,23-May-13,1
5/27/2013,27-May-13,110,27-May-13,106,107,28,20635,2207862.7,27-May-13,1
5/28/2013,28-May-13,108.9,28-May-13,107,107.9,26,65860,7110743.3,28-May-13,1
5/29/2013,29-May-13,109,29-May-13,107.5,108.4,21,120330,13077180,29-May-13,1
5/30/2013,30-May-13,107.9,30-May-13,107,107.7,9,8606,924442,30-May-13,1
5/31/2013,31-May-13,108,31-May-13,106.5,106.6,17,52666,5613839,31-May-13,1
6/3/2013,3-Jun-13,108,3-Jun-13,107.1,107.1,9,2321,250388.9,3-Jun-13,1
6/4/2013,4-Jun-13,107.9,4-Jun-13,106.5,107.3,16,4794,513705.8,4-Jun-13,1
6/5/2013,5-Jun-13,107,5-Jun-13,106.5,106.5,16,19805,2110282.5,5-Jun-13,1
6/6/2013,6-Jun-13,106.6,6-Jun-13,106.5,106.5,11,7452,793641,6-Jun-13,1
6/7/2013,7-Jun-13,106.5,7-Jun-13,106,106.5,12,8926,948735.5,7-Jun-13,1
6/10/2013,10-Jun-13,107,10-Jun-13,105,105.3,12,2458,260436,10-Jun-13,1
6/11/2013,11-Jun-13,107.3,11-Jun-13,105.5,106.4,59,23932,2550365.6,11-Jun-13,1
6/12/2013,12-Jun-13,107.5,12-Jun-13,106,107.4,14,11339,1218121.9,12-Jun-13,1
6/13/2013,13-Jun-13,108.5,13-Jun-13,106,106,21,12444,1342761,13-Jun-13,1
6/14/2013,14-Jun-13,106,14-Jun-13,106,106,1,500,53000,14-Jun-13,1
6/17/2013,17-Jun-13,107,17-Jun-13,105,106,15,42875,4543889.5,17-Jun-13,1
6/18/2013,18-Jun-13,106,18-Jun-13,100.2,102,15,573,58494.3,18-Jun-13,1
6/19/2013,19-Jun-13,108,19-Jun-13,106,107,21,17475,1882291.3,19-Jun-13,1
6/20/2013,20-Jun-13,107,20-Jun-13,102.1,105.8,8,1106,117021.1,20-Jun-13,1
6/24/2013,24-Jun-13,104.5,24-Jun-13,104.5,104.5,1,1,104.5,24-Jun-13,1
6/25/2013,25-Jun-13,104,25-Jun-13,104,104,5,501,52104,25-Jun-13,1
6/26/2013,26-Jun-13,104,26-Jun-13,103.5,104,14,6522,677770.2,26-Jun-13,1
6/27/2013,27-Jun-13,104,27-Jun-13,103,104,10,8047,836868,27-Jun-13,1
6/28/2013,28-Jun-13,106,28-Jun-13,105.9,106,7,1143,121104.1,28-Jun-13,1
