"Day","Date High","High (Rs.)","Date Low","Low (Rs.)","Closing (Rs.)","Trades(No.)","Shares(No.)","Turnover(Rs.)","Last Traded","Days Traded"
1/4/2010,4-Jan-10,222,4-Jan-10,201,219.25,92,100200,21599100,4-Jan-10,1
1/5/2010,5-Jan-10,226.25,5-Jan-10,219,220.25,87,133400,29577850,5-Jan-10,1
1/6/2010,6-Jan-10,220.5,6-Jan-10,216,218,17,27500,6025750,6-Jan-10,1
1/7/2010,7-Jan-10,220,7-Jan-10,217,220,53,78600,17230225,7-Jan-10,1
1/8/2010,8-Jan-10,224,8-Jan-10,218,222,27,27300,6052350,8-Jan-10,1
1/11/2010,11-Jan-10,223.5,11-Jan-10,222,222,31,118000,26197500,11-Jan-10,1
1/12/2010,12-Jan-10,222,12-Jan-10,217,219.75,37,106300,23458975,12-Jan-10,1
1/13/2010,13-Jan-10,219.25,13-Jan-10,218,218.25,2,700,152850,13-Jan-10,1
1/15/2010,15-Jan-10,219.25,15-Jan-10,217,217.75,31,25300,5529650,15-Jan-10,1
1/18/2010,18-Jan-10,217.75,18-Jan-10,215,215.5,42,89300,19247100,18-Jan-10,1
1/19/2010,19-Jan-10,215.5,19-Jan-10,212.5,213.5,40,92100,19784775,19-Jan-10,1
1/20/2010,20-Jan-10,214.25,20-Jan-10,213,214.25,21,18100,3873625,20-Jan-10,1
1/21/2010,21-Jan-10,220,21-Jan-10,213.5,220,38,157100,33804350,21-Jan-10,1
1/22/2010,22-Jan-10,220,22-Jan-10,217,217,25,53900,11839550,22-Jan-10,1
1/25/2010,25-Jan-10,220,25-Jan-10,215,215.5,31,33000,7163600,25-Jan-10,1
1/26/2010,26-Jan-10,219,26-Jan-10,216,217.5,19,28100,6111400,26-Jan-10,1
1/28/2010,28-Jan-10,222,28-Jan-10,215.5,220,85,200200,44009275,28-Jan-10,1
2/1/2010,1-Feb-10,260,1-Feb-10,225,230,290,133200,31218300,1-Feb-10,1
2/2/2010,2-Feb-10,244.75,2-Feb-10,228,229.25,84,75800,17525775,2-Feb-10,1
2/3/2010,3-Feb-10,230,3-Feb-10,225,225.25,44,28600,6488025,3-Feb-10,1
2/5/2010,5-Feb-10,225,5-Feb-10,224,224.75,29,32600,7326550,5-Feb-10,1
2/8/2010,8-Feb-10,226,8-Feb-10,223,224.75,28,32200,7240600,8-Feb-10,1
2/9/2010,9-Feb-10,225,9-Feb-10,220.5,224.75,31,81900,18228000,9-Feb-10,1
2/10/2010,10-Feb-10,221,10-Feb-10,220,220.25,24,21500,4734125,10-Feb-10,1
2/11/2010,11-Feb-10,220,11-Feb-10,216,216.75,19,5100,1110500,11-Feb-10,1
2/12/2010,12-Feb-10,220,12-Feb-10,215,215.75,33,35000,7560250,12-Feb-10,1
2/15/2010,15-Feb-10,215.5,15-Feb-10,210,212.5,23,115800,24898625,15-Feb-10,1
2/16/2010,16-Feb-10,213.5,16-Feb-10,211,212.25,13,54000,11595375,16-Feb-10,1
2/17/2010,17-Feb-10,224,17-Feb-10,213,220.25,36,1452500,319535150,17-Feb-10,1
2/18/2010,18-Feb-10,230,18-Feb-10,224.75,227.75,43,21400,4874050,18-Feb-10,1
2/19/2010,19-Feb-10,230,19-Feb-10,224,229,4,2300,526950,19-Feb-10,1
2/22/2010,22-Feb-10,229.75,22-Feb-10,220.25,228.5,22,26500,5967350,22-Feb-10,1
2/23/2010,23-Feb-10,232,23-Feb-10,229.75,231,25,17100,3936750,23-Feb-10,1
2/24/2010,24-Feb-10,232,24-Feb-10,230,230.25,35,9700,2234825,24-Feb-10,1
2/25/2010,25-Feb-10,233,25-Feb-10,230.5,230.5,34,69300,15987000,25-Feb-10,1
2/26/2010,26-Feb-10,239,26-Feb-10,230.5,236.5,40,23500,5553875,26-Feb-10,1
3/1/2010,1-Mar-10,240,1-Mar-10,238,238.5,49,19300,4612225,1-Mar-10,1
3/2/2010,2-Mar-10,239,2-Mar-10,237,237.5,30,11700,2783525,2-Mar-10,1
3/3/2010,3-Mar-10,241,3-Mar-10,237,240.25,45,32500,7722875,3-Mar-10,1
3/4/2010,4-Mar-10,241.75,4-Mar-10,240,240.25,23,12100,2912400,4-Mar-10,1
3/5/2010,5-Mar-10,242.75,5-Mar-10,239.5,241.25,73,475000,114951900,5-Mar-10,1
3/8/2010,8-Mar-10,243,8-Mar-10,239,240,37,62800,15064600,8-Mar-10,1
3/9/2010,9-Mar-10,242,9-Mar-10,239,240,29,44000,10557075,9-Mar-10,1
3/10/2010,10-Mar-10,242.75,10-Mar-10,239.75,240,36,40100,9624175,10-Mar-10,1
3/11/2010,11-Mar-10,240.5,11-Mar-10,239,239.75,26,26300,6312150,11-Mar-10,1
3/12/2010,12-Mar-10,241,12-Mar-10,240,240.25,15,5600,1344150,12-Mar-10,1
3/15/2010,15-Mar-10,243,15-Mar-10,239,239,48,40200,9683925,15-Mar-10,1
3/26/2010,26-Mar-10,228,26-Mar-10,212.5,227.75,70,106800,24170125,26-Mar-10,1
3/30/2010,30-Mar-10,228.75,30-Mar-10,226,228.25,23,31000,7035300,30-Mar-10,1
3/31/2010,31-Mar-10,222.75,31-Mar-10,221.25,222,38,52200,11572875,31-Mar-10,1
4/1/2010,1-Apr-10,223,1-Apr-10,222,222.5,41,117600,26113175,1-Apr-10,1
4/5/2010,5-Apr-10,225,5-Apr-10,222,224,33,15000,3361200,5-Apr-10,1
4/6/2010,6-Apr-10,231,6-Apr-10,225,229.75,45,45000,10281400,6-Apr-10,1
4/7/2010,7-Apr-10,236,7-Apr-10,231,234.75,45,125900,29070000,7-Apr-10,1
4/8/2010,8-Apr-10,239.75,8-Apr-10,225.25,235.25,26,447200,103075100,8-Apr-10,1
4/12/2010,12-Apr-10,243.75,12-Apr-10,232,235,72,756000,174692225,12-Apr-10,1
4/15/2010,15-Apr-10,237,15-Apr-10,235,235,30,35200,8290250,15-Apr-10,1
4/16/2010,16-Apr-10,240,16-Apr-10,236,238.25,11,2300,546900,16-Apr-10,1
4/19/2010,19-Apr-10,255,19-Apr-10,238.5,254,108,132800,33204300,19-Apr-10,1
4/20/2010,20-Apr-10,260,20-Apr-10,251,256,104,1326400,332542250,20-Apr-10,1
4/21/2010,21-Apr-10,285,21-Apr-10,256,274.5,105,73300,19678975,21-Apr-10,1
4/22/2010,22-Apr-10,285,22-Apr-10,250,279.75,116,302700,84565350,22-Apr-10,1
4/23/2010,23-Apr-10,290,23-Apr-10,281,284.75,55,38700,11078475,23-Apr-10,1
4/26/2010,26-Apr-10,287.5,26-Apr-10,285,285.25,45,22900,6559625,26-Apr-10,1
4/27/2010,27-Apr-10,285,27-Apr-10,280,285,24,83700,23847550,27-Apr-10,1
4/29/2010,29-Apr-10,285,29-Apr-10,275,279.5,25,39300,11169000,29-Apr-10,1
4/30/2010,30-Apr-10,294,30-Apr-10,280.5,290.25,74,84400,24477900,30-Apr-10,1
5/3/2010,3-May-10,291,3-May-10,290,290,51,126500,36687550,3-May-10,1
5/4/2010,4-May-10,290,4-May-10,285,286.75,49,33500,9619900,4-May-10,1
5/5/2010,5-May-10,285,5-May-10,280,281.25,17,80900,23044825,5-May-10,1
5/6/2010,6-May-10,281,6-May-10,275,277.25,16,34400,9541650,6-May-10,1
5/7/2010,7-May-10,280,7-May-10,276,278.25,67,48500,13516750,7-May-10,1
5/10/2010,10-May-10,285,10-May-10,280,282.25,32,93200,26298775,10-May-10,1
5/11/2010,11-May-10,287,11-May-10,285,285.25,29,33600,9581050,11-May-10,1
5/12/2010,12-May-10,285,12-May-10,270,281.5,24,6100,1702475,12-May-10,1
5/13/2010,13-May-10,283,13-May-10,280,281.75,8,4700,1325500,13-May-10,1
5/14/2010,14-May-10,285,14-May-10,281,284.75,21,18300,5199350,14-May-10,1
5/17/2010,17-May-10,284,17-May-10,281,283.25,21,47700,13428275,17-May-10,1
5/18/2010,18-May-10,285,18-May-10,283,285,28,194400,55045825,18-May-10,1
5/19/2010,19-May-10,289,19-May-10,283,283.25,20,32900,9319700,19-May-10,1
5/20/2010,20-May-10,286,20-May-10,283,285,24,39000,11093700,20-May-10,1
5/21/2010,21-May-10,286.5,21-May-10,283.25,284,42,385300,109423475,21-May-10,1
5/24/2010,24-May-10,286,24-May-10,280,281,25,26200,7419475,24-May-10,1
5/25/2010,25-May-10,283,25-May-10,280.25,280.25,13,35300,9949950,25-May-10,1
5/26/2010,26-May-10,285,26-May-10,280,283.75,22,159500,45409100,26-May-10,1
5/31/2010,31-May-10,290,31-May-10,285,287.5,30,23000,6643450,31-May-10,1
6/1/2010,1-Jun-10,290.25,1-Jun-10,287.5,290,32,22100,6401575,1-Jun-10,1
6/2/2010,2-Jun-10,299.5,2-Jun-10,290,298.75,87,468500,140308075,2-Jun-10,1
6/3/2010,3-Jun-10,312,3-Jun-10,300,310.25,88,96200,29425275,3-Jun-10,1
6/4/2010,4-Jun-10,345,4-Jun-10,312,339.5,141,160000,53416225,4-Jun-10,1
6/7/2010,7-Jun-10,355,7-Jun-10,345,351.5,234,321900,113081850,7-Jun-10,1
6/8/2010,8-Jun-10,362,8-Jun-10,350,351,95,140000,49569150,8-Jun-10,1
6/9/2010,9-Jun-10,350,9-Jun-10,347.5,350,38,39200,13719500,9-Jun-10,1
6/10/2010,10-Jun-10,349.5,10-Jun-10,348,348.5,27,32400,11294950,10-Jun-10,1
6/11/2010,11-Jun-10,350,11-Jun-10,345,345.75,38,33400,11616600,11-Jun-10,1
6/14/2010,14-Jun-10,348,14-Jun-10,341,344.75,20,18500,6426850,14-Jun-10,1
6/15/2010,15-Jun-10,345,15-Jun-10,340,340,24,34000,11652000,15-Jun-10,1
6/16/2010,16-Jun-10,340,16-Jun-10,335,335.75,32,37700,12701150,16-Jun-10,1
6/17/2010,17-Jun-10,337,17-Jun-10,325,336,23,11800,3949000,17-Jun-10,1
6/21/2010,21-Jun-10,336.5,21-Jun-10,330.25,334.75,50,47200,15816250,21-Jun-10,1
6/22/2010,22-Jun-10,333,22-Jun-10,329.5,330.25,41,74500,24739225,22-Jun-10,1
6/23/2010,23-Jun-10,330,23-Jun-10,324,326.75,69,2376200,760996775,23-Jun-10,1
6/24/2010,24-Jun-10,360,24-Jun-10,329,358.25,230,923100,306835925,24-Jun-10,1
6/28/2010,28-Jun-10,395,28-Jun-10,364,365,329,425900,158131100,28-Jun-10,1
6/29/2010,29-Jun-10,370,29-Jun-10,360,362.75,118,174900,64189800,29-Jun-10,1
6/30/2010,30-Jun-10,364.75,30-Jun-10,358,359.25,67,50700,18275725,30-Jun-10,1
7/1/2010,1-Jul-10,364,1-Jul-10,355,355.25,49,62100,22251700,1-Jul-10,1
7/2/2010,2-Jul-10,356.25,2-Jul-10,351.25,354.5,36,17800,6321200,2-Jul-10,1
7/5/2010,5-Jul-10,351,5-Jul-10,347,347,84,105000,36569250,5-Jul-10,1
7/6/2010,6-Jul-10,348,6-Jul-10,342,343.25,68,153600,52698725,6-Jul-10,1
7/7/2010,7-Jul-10,341,7-Jul-10,330.25,338.25,87,236900,80058350,7-Jul-10,1
7/8/2010,8-Jul-10,341,8-Jul-10,330,334.5,217,,,8-Jul-10,1
7/9/2010,9-Jul-10,350,9-Jul-10,333,334.5,53,222800,76137975,9-Jul-10,1
7/12/2010,12-Jul-10,339,12-Jul-10,335,338.5,43,34200,11559400,12-Jul-10,1
7/13/2010,13-Jul-10,345,13-Jul-10,340,340,62,80200,27273450,13-Jul-10,1
7/14/2010,14-Jul-10,342,14-Jul-10,338,340,88,579200,194823175,14-Jul-10,1
7/15/2010,15-Jul-10,340,15-Jul-10,338,339.75,52,103600,35095775,15-Jul-10,1
7/16/2010,16-Jul-10,340,16-Jul-10,338,338.75,50,57500,19515475,16-Jul-10,1
7/19/2010,19-Jul-10,340,19-Jul-10,337.5,339.25,36,16100,5450950,19-Jul-10,1
7/20/2010,20-Jul-10,344,20-Jul-10,340,343,48,212100,72115800,20-Jul-10,1
7/21/2010,21-Jul-10,345,21-Jul-10,342,343.25,48,60800,20831950,21-Jul-10,1
7/22/2010,22-Jul-10,350,22-Jul-10,345,347.75,29,26700,9307550,22-Jul-10,1
7/23/2010,23-Jul-10,361,23-Jul-10,348.75,360,123,318300,113932050,23-Jul-10,1
7/26/2010,26-Jul-10,365,26-Jul-10,360,365,80,85800,31155925,26-Jul-10,1
7/27/2010,27-Jul-10,369,27-Jul-10,364,365.5,37,30600,11173675,27-Jul-10,1
7/28/2010,28-Jul-10,380,28-Jul-10,366,378.75,112,308000,115205100,28-Jul-10,1
7/29/2010,29-Jul-10,390,29-Jul-10,370,377.5,89,119700,45270625,29-Jul-10,1
7/30/2010,30-Jul-10,376,30-Jul-10,371,372.75,48,49700,18572375,30-Jul-10,1
8/2/2010,2-Aug-10,372.8,2-Aug-10,360.1,371,45,45700,16886380,2-Aug-10,1
8/3/2010,3-Aug-10,372,3-Aug-10,367.9,369,50,63200,23389120,3-Aug-10,1
8/4/2010,4-Aug-10,370,4-Aug-10,369,370,34,39800,14724700,4-Aug-10,1
8/5/2010,5-Aug-10,373,5-Aug-10,355.5,366.7,66,48600,17818220,5-Aug-10,1
8/6/2010,6-Aug-10,373,6-Aug-10,360,363,99,41400,15183410,6-Aug-10,1
8/9/2010,9-Aug-10,364,9-Aug-10,342.5,351.5,94,37800,13239550,9-Aug-10,1
8/10/2010,10-Aug-10,370,10-Aug-10,342,369.8,104,74400,27121230,10-Aug-10,1
8/11/2010,11-Aug-10,370,11-Aug-10,363,364.9,73,96100,35440710,11-Aug-10,1
8/12/2010,12-Aug-10,379,12-Aug-10,360,365,96,51700,18876110,12-Aug-10,1
8/13/2010,13-Aug-10,370,13-Aug-10,355.1,367.5,89,127500,46879650,13-Aug-10,1
8/16/2010,16-Aug-10,372,16-Aug-10,368,369.2,61,84300,31157670,16-Aug-10,1
8/17/2010,17-Aug-10,370,17-Aug-10,365,365,66,87400,31998840,17-Aug-10,1
8/18/2010,18-Aug-10,369,18-Aug-10,364,365.2,48,43100,15780610,18-Aug-10,1
8/19/2010,19-Aug-10,370,19-Aug-10,365,369.3,47,104800,38348320,19-Aug-10,1
8/20/2010,20-Aug-10,370,20-Aug-10,365,365.2,71,91600,33526280,20-Aug-10,1
8/23/2010,23-Aug-10,365.2,23-Aug-10,364,364.6,52,26100,9521880,23-Aug-10,1
8/25/2010,25-Aug-10,370,25-Aug-10,366,368.6,47,43200,15948790,25-Aug-10,1
8/26/2010,26-Aug-10,369,26-Aug-10,365,367.9,16,7500,2762450,26-Aug-10,1
8/27/2010,27-Aug-10,370,27-Aug-10,367,369.6,35,15800,5832480,27-Aug-10,1
8/30/2010,30-Aug-10,370,30-Aug-10,366,366.8,34,41200,15182160,30-Aug-10,1
8/31/2010,31-Aug-10,372,31-Aug-10,367,369.8,83,93600,34609960,31-Aug-10,1
9/1/2010,1-Sep-10,370,1-Sep-10,367.9,369.9,61,49600,18330990,1-Sep-10,1
9/2/2010,2-Sep-10,385,2-Sep-10,374,378,108,132900,50156770,2-Sep-10,1
9/3/2010,3-Sep-10,400,3-Sep-10,380,387.6,133,117800,45506640,3-Sep-10,1
9/6/2010,6-Sep-10,395,6-Sep-10,385,389.4,80,94900,36885230,6-Sep-10,1
9/7/2010,7-Sep-10,411,7-Sep-10,390,409.5,229,296000,118272960,7-Sep-10,1
9/8/2010,8-Sep-10,413,8-Sep-10,406,407.6,97,45100,18451420,8-Sep-10,1
9/9/2010,9-Sep-10,409,9-Sep-10,402,404,51,43300,17542290,9-Sep-10,1
9/13/2010,13-Sep-10,408,13-Sep-10,400,400,72,40200,16147870,13-Sep-10,1
9/14/2010,14-Sep-10,410,14-Sep-10,396.1,399.8,89,69600,27974840,14-Sep-10,1
9/15/2010,15-Sep-10,408,15-Sep-10,395,404.9,148,403300,162718620,15-Sep-10,1
9/16/2010,16-Sep-10,428,16-Sep-10,405,425.1,115,224200,93027780,16-Sep-10,1
9/17/2010,17-Sep-10,450,17-Sep-10,430,433.7,165,466100,201274580,17-Sep-10,1
9/20/2010,20-Sep-10,457,20-Sep-10,435,449.9,270,179500,80077340,20-Sep-10,1
9/21/2010,21-Sep-10,470,21-Sep-10,451,461.3,163,77900,35805810,21-Sep-10,1
9/23/2010,23-Sep-10,505,23-Sep-10,470,493.6,201,295400,142204480,23-Sep-10,1
9/24/2010,24-Sep-10,550,24-Sep-10,505,519.7,294,339000,176074730,24-Sep-10,1
9/27/2010,27-Sep-10,545,27-Sep-10,501,523.2,275,185400,97437970,27-Sep-10,1
9/28/2010,28-Sep-10,522.3,28-Sep-10,511,515.6,121,127100,65309720,28-Sep-10,1
9/29/2010,29-Sep-10,519.5,29-Sep-10,515,517.8,125,135100,69994450,29-Sep-10,1
9/30/2010,30-Sep-10,522,30-Sep-10,512,514,95,35400,18282900,30-Sep-10,1
10/1/2010,1-Oct-10,531,1-Oct-10,514.1,530,143,295800,156193350,1-Oct-10,1
10/4/2010,4-Oct-10,535,4-Oct-10,528,531.4,184,142500,75812700,4-Oct-10,1
10/5/2010,5-Oct-10,531,5-Oct-10,520.1,529.2,193,146900,77582390,5-Oct-10,1
10/6/2010,6-Oct-10,530,6-Oct-10,520,521.5,164,133200,69771170,6-Oct-10,1
10/12/2010,12-Oct-10,261,12-Oct-10,241.5,243.1,401,704540,173956010,12-Oct-10,1
10/13/2010,13-Oct-10,249,13-Oct-10,215,243.1,458,391900,92413390,13-Oct-10,1
10/14/2010,14-Oct-10,252,14-Oct-10,245.1,248,382,958700,238063830,14-Oct-10,1
10/15/2010,15-Oct-10,250,15-Oct-10,245,249.5,121,128000,31542770,15-Oct-10,1
10/18/2010,18-Oct-10,254,18-Oct-10,247.5,251.9,170,574400,143746490,18-Oct-10,1
10/19/2010,19-Oct-10,275,19-Oct-10,252.5,271,585,424000,111278470,19-Oct-10,1
10/20/2010,20-Oct-10,284.9,20-Oct-10,270.5,273.6,430,465800,127900640,20-Oct-10,1
10/21/2010,21-Oct-10,295,21-Oct-10,275,291.9,560,639632,176459820,21-Oct-10,1
10/25/2010,25-Oct-10,302.9,25-Oct-10,294,295.1,684,2223224,658835992,25-Oct-10,1
10/26/2010,26-Oct-10,306,26-Oct-10,290,290.9,539,339900,101356350,26-Oct-10,1
10/27/2010,27-Oct-10,290,27-Oct-10,280,288.2,181,86200,24779270,27-Oct-10,1
10/28/2010,28-Oct-10,289.9,28-Oct-10,283,283.4,144,81000,23022270,28-Oct-10,1
10/29/2010,29-Oct-10,287.9,29-Oct-10,284,284.9,219,239200,68206340,29-Oct-10,1
11/1/2010,1-Nov-10,288,1-Nov-10,280,280.2,189,654100,183451060,1-Nov-10,1
11/2/2010,2-Nov-10,284,2-Nov-10,280,282,91,122100,34323740,2-Nov-10,1
11/3/2010,3-Nov-10,282,3-Nov-10,275,279.9,103,67700,18908580,3-Nov-10,1
11/4/2010,4-Nov-10,279,4-Nov-10,276,277.1,67,48000,13300570,4-Nov-10,1
11/8/2010,8-Nov-10,280,8-Nov-10,272,272.3,71,77000,21157810,8-Nov-10,1
11/9/2010,9-Nov-10,273,9-Nov-10,268.5,269.1,128,246100,66525380,9-Nov-10,1
11/10/2010,10-Nov-10,269.1,10-Nov-10,262.5,264,97,31000,8208890,10-Nov-10,1
11/11/2010,11-Nov-10,275,11-Nov-10,264,271.4,79,53500,14427280,11-Nov-10,1
11/12/2010,12-Nov-10,276.9,12-Nov-10,272.9,274,126,110600,30337180,12-Nov-10,1
11/15/2010,15-Nov-10,273,15-Nov-10,263,265.1,86,39400,10547680,15-Nov-10,1
11/16/2010,16-Nov-10,265.2,16-Nov-10,262,265,64,76000,20132480,16-Nov-10,1
11/18/2010,18-Nov-10,274,18-Nov-10,264,270.2,167,1115100,296971860,18-Nov-10,1
11/22/2010,22-Nov-10,273.5,22-Nov-10,264,266.3,189,180500,48112630,22-Nov-10,1
11/23/2010,23-Nov-10,271,23-Nov-10,265,265.7,190,614100,164436940,23-Nov-10,1
11/24/2010,24-Nov-10,268.1,24-Nov-10,265,265.9,76,250900,66572610,24-Nov-10,1
11/25/2010,25-Nov-10,266,25-Nov-10,262,262.1,48,72000,19046990,25-Nov-10,1
11/26/2010,26-Nov-10,263,26-Nov-10,258,260.6,98,206800,54050790,26-Nov-10,1
11/29/2010,29-Nov-10,260,29-Nov-10,247,248.9,246,246100,61539410,29-Nov-10,1
11/30/2010,30-Nov-10,265,30-Nov-10,258.1,260.8,297,312000,81425180,30-Nov-10,1
12/1/2010,1-Dec-10,270,1-Dec-10,260,261.2,229,260700,68275770,1-Dec-10,1
12/2/2010,2-Dec-10,266,2-Dec-10,259,259.8,102,210000,54646340,2-Dec-10,1
12/3/2010,3-Dec-10,268,3-Dec-10,259.1,261.7,64,71500,18620090,3-Dec-10,1
12/6/2010,6-Dec-10,265,6-Dec-10,258,258.1,62,51900,13403930,6-Dec-10,1
12/7/2010,7-Dec-10,258.9,7-Dec-10,255,257.5,40,115300,29418310,7-Dec-10,1
12/8/2010,8-Dec-10,257,8-Dec-10,254,255.1,56,23600,6022710,8-Dec-10,1
12/9/2010,9-Dec-10,257,9-Dec-10,253.7,254,69,367700,92212810,9-Dec-10,1
12/10/2010,10-Dec-10,262,10-Dec-10,254,254.8,102,365800,93355130,10-Dec-10,1
12/13/2010,13-Dec-10,265,13-Dec-10,255,260.9,225,403412,,13-Dec-10,1
12/14/2010,14-Dec-10,262,14-Dec-10,255,256.4,75,1558500,411553530,14-Dec-10,1
12/15/2010,15-Dec-10,257,15-Dec-10,254,255.5,42,242500,61847360,15-Dec-10,1
12/16/2010,16-Dec-10,257,16-Dec-10,255,255.3,40,34800,8908190,16-Dec-10,1
12/17/2010,17-Dec-10,257,17-Dec-10,254.5,255.2,55,91700,23394560,17-Dec-10,1
12/21/2010,21-Dec-10,261,21-Dec-10,257.1,259.7,74,70000,18171390,21-Dec-10,1
12/22/2010,22-Dec-10,266,22-Dec-10,259.8,263.8,98,60400,15847890,22-Dec-10,1
12/23/2010,23-Dec-10,269,23-Dec-10,265,266.9,128,68600,18321970,23-Dec-10,1
12/24/2010,24-Dec-10,268.5,24-Dec-10,267.1,267.8,58,48200,12923660,24-Dec-10,1
12/27/2010,27-Dec-10,272.5,27-Dec-10,267,270.8,82,60800,16367340,27-Dec-10,1
12/28/2010,28-Dec-10,274.4,28-Dec-10,272,272.4,82,78100,21296230,28-Dec-10,1
12/29/2010,29-Dec-10,272.5,29-Dec-10,270,270.7,66,132800,34783330,29-Dec-10,1
12/30/2010,30-Dec-10,273,30-Dec-10,260,269.9,101,120400,32550540,30-Dec-10,1
12/31/2010,31-Dec-10,274,31-Dec-10,270,271.9,72,62800,17058300,31-Dec-10,1
1/3/2011,3-Jan-11,273.5,3-Jan-11,270.5,271.8,56,38300,10412610,3-Jan-11,1
1/4/2011,4-Jan-11,280.5,4-Jan-11,270,279.7,116,252700,70386400,4-Jan-11,1
1/5/2011,5-Jan-11,290,5-Jan-11,280,287.1,147,120200,34449760,5-Jan-11,1
1/6/2011,6-Jan-11,288,6-Jan-11,280,282.8,81,50300,14333390,6-Jan-11,1
1/7/2011,7-Jan-11,295,7-Jan-11,283,290.8,211,382500,110835760,7-Jan-11,1
1/10/2011,10-Jan-11,300,10-Jan-11,292,294.8,169,1366300,408515760,10-Jan-11,1
1/11/2011,11-Jan-11,299,11-Jan-11,295.1,296.1,130,90900,26966680,11-Jan-11,1
1/12/2011,12-Jan-11,299,12-Jan-11,295,295.5,105,195900,58170410,12-Jan-11,1
1/13/2011,13-Jan-11,296,13-Jan-11,285.5,293.7,92,53900,15756550,13-Jan-11,1
1/14/2011,14-Jan-11,293,14-Jan-11,290,291.7,44,24600,7169550,14-Jan-11,1
1/17/2011,17-Jan-11,295,17-Jan-11,286,288.7,87,74800,21793980,17-Jan-11,1
1/18/2011,18-Jan-11,292.1,18-Jan-11,289,290.1,96,163500,47453420,18-Jan-11,1
1/20/2011,20-Jan-11,295,20-Jan-11,290.1,294.8,109,438300,127490090,20-Jan-11,1
1/21/2011,21-Jan-11,295,21-Jan-11,292,292.7,74,41600,12226690,21-Jan-11,1
1/24/2011,24-Jan-11,296,24-Jan-11,292.5,294.1,81,78500,23119410,24-Jan-11,1
1/25/2011,25-Jan-11,295,25-Jan-11,290,291.2,73,48200,14073570,25-Jan-11,1
1/26/2011,26-Jan-11,301.9,26-Jan-11,290,299.9,356,2157400,645935280,26-Jan-11,1
1/27/2011,27-Jan-11,304.5,27-Jan-11,299,302.4,238,1510900,455517580,27-Jan-11,1
1/28/2011,28-Jan-11,307,28-Jan-11,298,300.3,170,166800,50419230,28-Jan-11,1
1/31/2011,31-Jan-11,303,31-Jan-11,295,295.4,111,135800,40508980,31-Jan-11,1
2/1/2011,1-Feb-11,299.9,1-Feb-11,295,298,59,51100,15225630,1-Feb-11,1
2/2/2011,2-Feb-11,299,2-Feb-11,294,295.3,88,251400,75118330,2-Feb-11,1
2/3/2011,3-Feb-11,299,3-Feb-11,291,295.7,67,41100,12209230,3-Feb-11,1
2/7/2011,7-Feb-11,298.5,7-Feb-11,295,295.5,59,55400,16415800,7-Feb-11,1
2/8/2011,8-Feb-11,297,8-Feb-11,296,296.3,51,33900,10039820,8-Feb-11,1
2/9/2011,9-Feb-11,297,9-Feb-11,290,291.4,111,180600,53041270,9-Feb-11,1
2/10/2011,10-Feb-11,295.5,10-Feb-11,289,295,82,309500,89889020,10-Feb-11,1
2/11/2011,11-Feb-11,299.5,11-Feb-11,292.1,293.9,122,109300,32295620,11-Feb-11,1
2/14/2011,14-Feb-11,299.9,14-Feb-11,294,294.4,91,54200,15995010,14-Feb-11,1
2/15/2011,15-Feb-11,295,15-Feb-11,292,292.8,91,140400,41090350,15-Feb-11,1
2/18/2011,18-Feb-11,295,18-Feb-11,292,292.9,53,65100,19029000,18-Feb-11,1
2/21/2011,21-Feb-11,295,21-Feb-11,292.6,294.7,67,52200,15342550,21-Feb-11,1
2/22/2011,22-Feb-11,293.1,22-Feb-11,290,291.1,68,414100,121063760,22-Feb-11,1
2/23/2011,23-Feb-11,291,23-Feb-11,288,289.5,99,129600,37414650,23-Feb-11,1
2/24/2011,24-Feb-11,290,24-Feb-11,288,289.3,74,618700,178233000,24-Feb-11,1
2/25/2011,25-Feb-11,295,25-Feb-11,288,291.6,78,597300,175814510,25-Feb-11,1
2/28/2011,28-Feb-11,293,28-Feb-11,291.6,291.8,47,25100,7323170,28-Feb-11,1
3/1/2011,1-Mar-11,290.5,1-Mar-11,288,288,76,469400,136012990,1-Mar-11,1
3/3/2011,3-Mar-11,290,3-Mar-11,285,287.9,100,440000,127130600,3-Mar-11,1
3/4/2011,4-Mar-11,287,4-Mar-11,283.1,284.1,75,251900,71748890,4-Mar-11,1
3/7/2011,7-Mar-11,284,7-Mar-11,281,282,44,209600,59111270,7-Mar-11,1
3/8/2011,8-Mar-11,282.1,8-Mar-11,275,278,80,111000,30870390,8-Mar-11,1
3/9/2011,9-Mar-11,280,9-Mar-11,275,275.5,71,65200,17993300,9-Mar-11,1
3/10/2011,10-Mar-11,282,10-Mar-11,273,279.7,32,21500,5971640,10-Mar-11,1
3/11/2011,11-Mar-11,278.4,11-Mar-11,275,275.9,39,36700,10100010,11-Mar-11,1
3/14/2011,14-Mar-11,276.6,14-Mar-11,269.1,270.6,97,51300,13979600,14-Mar-11,1
3/15/2011,15-Mar-11,274,15-Mar-11,269,269.4,78,93200,25168620,15-Mar-11,1
3/16/2011,16-Mar-11,274.5,16-Mar-11,269.2,270,69,76200,20578470,16-Mar-11,1
3/17/2011,17-Mar-11,274,17-Mar-11,269,269.4,89,112700,30480930,17-Mar-11,1
3/18/2011,18-Mar-11,272,18-Mar-11,268,269,52,44100,11870640,18-Mar-11,1
3/21/2011,21-Mar-11,271,21-Mar-11,265,265.8,119,212000,56703880,21-Mar-11,1
3/22/2011,22-Mar-11,275,22-Mar-11,265,270.9,50,52700,14221710,22-Mar-11,1
3/23/2011,23-Mar-11,276,23-Mar-11,270,272.2,70,81800,22395010,23-Mar-11,1
3/24/2011,24-Mar-11,277,24-Mar-11,272.1,275.1,31,19900,5469890,24-Mar-11,1
3/25/2011,25-Mar-11,285,25-Mar-11,274.6,283.3,102,191200,52852440,25-Mar-11,1
3/28/2011,28-Mar-11,289.8,28-Mar-11,282.1,285.3,56,311828,88842360,28-Mar-11,1
3/29/2011,29-Mar-11,290,29-Mar-11,286.2,286.8,85,58900,17043790,29-Mar-11,1
3/30/2011,30-Mar-11,287,30-Mar-11,284,286.2,31,13100,3740680,30-Mar-11,1
3/31/2011,31-Mar-11,292,31-Mar-11,285.2,288.3,130,2370700,687447300,31-Mar-11,1
4/1/2011,1-Apr-11,291,1-Apr-11,285.5,289.2,90,67700,19579180,1-Apr-11,1
4/4/2011,4-Apr-11,298,4-Apr-11,288.1,291.5,63,54900,16112980,4-Apr-11,1
4/5/2011,5-Apr-11,292,5-Apr-11,285.1,288,29,37900,10992490,5-Apr-11,1
4/6/2011,6-Apr-11,289.9,6-Apr-11,287,287.2,43,123200,35447060,6-Apr-11,1
4/7/2011,7-Apr-11,289,7-Apr-11,287,287.2,26,15300,4395250,7-Apr-11,1
4/8/2011,8-Apr-11,290,8-Apr-11,287.8,288.2,49,37800,10927600,8-Apr-11,1
4/11/2011,11-Apr-11,290,11-Apr-11,288.2,289.9,27,9500,2751780,11-Apr-11,1
4/12/2011,12-Apr-11,291,12-Apr-11,289.5,290,83,80000,23198100,12-Apr-11,1
4/18/2011,18-Apr-11,290,18-Apr-11,287,288.8,30,19400,5611490,18-Apr-11,1
4/19/2011,19-Apr-11,292,19-Apr-11,287.1,288.9,31,14000,4042030,19-Apr-11,1
4/20/2011,20-Apr-11,289,20-Apr-11,285,285,45,71200,20474870,20-Apr-11,1
4/21/2011,21-Apr-11,285.1,21-Apr-11,285,285,30,16500,4703360,21-Apr-11,1
4/25/2011,25-Apr-11,284,25-Apr-11,278.2,280.4,53,22700,6386110,25-Apr-11,1
4/26/2011,26-Apr-11,280.4,26-Apr-11,276.1,280.1,42,20900,5815950,26-Apr-11,1
4/27/2011,27-Apr-11,284.9,27-Apr-11,279,281.8,30,11600,3266900,27-Apr-11,1
4/28/2011,28-Apr-11,284,28-Apr-11,282,282.8,33,41500,11710570,28-Apr-11,1
4/29/2011,29-Apr-11,287,29-Apr-11,281,281.8,69,35200,9953460,29-Apr-11,1
5/3/2011,3-May-11,281,3-May-11,278,278.3,56,51200,14279210,3-May-11,1
5/4/2011,4-May-11,278,4-May-11,272.6,275.1,41,21600,5944400,4-May-11,1
5/5/2011,5-May-11,278,5-May-11,275,275.5,54,134900,37154980,5-May-11,1
5/6/2011,6-May-11,279,6-May-11,275,276.7,38,417884,115759308,6-May-11,1
5/9/2011,9-May-11,276.2,9-May-11,274,275,47,80900,22250250,9-May-11,1
5/10/2011,10-May-11,276.7,10-May-11,274,275.2,36,36900,10153310,10-May-11,1
5/11/2011,11-May-11,274.1,11-May-11,272,272.8,42,69800,19044530,11-May-11,1
5/12/2011,12-May-11,274,12-May-11,270.6,273,40,161200,44007930,12-May-11,1
5/13/2011,13-May-11,275.1,13-May-11,271.5,272.3,34,17700,4851960,13-May-11,1
5/16/2011,16-May-11,275,16-May-11,272,274.2,15,6100,1664310,16-May-11,1
5/19/2011,19-May-11,278,19-May-11,272,277,33,11900,3261270,19-May-11,1
5/20/2011,20-May-11,288,20-May-11,275,281,49,37100,10425940,20-May-11,1
5/23/2011,23-May-11,286.7,23-May-11,276.1,276.2,20,4600,1276170,23-May-11,1
5/24/2011,24-May-11,278,24-May-11,273.5,275.1,29,23800,6581090,24-May-11,1
5/25/2011,25-May-11,275.1,25-May-11,272.5,274.5,51,51500,14110350,25-May-11,1
5/26/2011,26-May-11,275,26-May-11,270,270.4,54,87900,23814090,26-May-11,1
5/27/2011,27-May-11,274,27-May-11,271,272.8,15,16500,4495810,27-May-11,1
5/30/2011,30-May-11,272.8,30-May-11,270,270,59,36800,9944620,30-May-11,1
5/31/2011,31-May-11,272,31-May-11,270,270,43,64100,17340640,31-May-11,1
6/1/2011,1-Jun-11,271,1-Jun-11,270,270,40,34800,9400670,1-Jun-11,1
6/2/2011,2-Jun-11,272.5,2-Jun-11,270,270,29,18000,4863090,2-Jun-11,1
6/3/2011,3-Jun-11,271.3,3-Jun-11,269,270.1,31,34800,9391980,3-Jun-11,1
6/6/2011,6-Jun-11,272,6-Jun-11,269.9,271,24,23300,6295010,6-Jun-11,1
6/7/2011,7-Jun-11,271,7-Jun-11,269,269.3,43,98900,26663190,7-Jun-11,1
6/8/2011,8-Jun-11,270,8-Jun-11,267.1,267.6,19,4000,1074870,8-Jun-11,1
6/9/2011,9-Jun-11,268,9-Jun-11,266,266.4,25,8300,2211320,9-Jun-11,1
6/10/2011,10-Jun-11,267.5,10-Jun-11,266,266.4,17,7100,1891730,10-Jun-11,1
6/13/2011,13-Jun-11,268,13-Jun-11,263.1,264.9,52,48000,12743780,13-Jun-11,1
6/14/2011,14-Jun-11,263.5,14-Jun-11,260.1,262.7,35,25100,6598740,14-Jun-11,1
6/16/2011,16-Jun-11,260.1,16-Jun-11,253.1,255.3,90,694900,177365710,16-Jun-11,1
6/17/2011,17-Jun-11,260,17-Jun-11,255,255.1,73,78400,20073340,17-Jun-11,1
6/20/2011,20-Jun-11,264,20-Jun-11,255.1,256,18,3600,922560,20-Jun-11,1
6/21/2011,21-Jun-11,255.1,21-Jun-11,253.5,254.7,34,11100,2826790,21-Jun-11,1
6/22/2011,22-Jun-11,254.5,22-Jun-11,251,252.7,41,24200,6131720,22-Jun-11,1
6/23/2011,23-Jun-11,254,23-Jun-11,247,247.1,71,122600,30624420,23-Jun-11,1
6/24/2011,24-Jun-11,250,24-Jun-11,245,246.3,96,99400,24585600,24-Jun-11,1
6/27/2011,27-Jun-11,246.1,27-Jun-11,237,239.1,79,53800,12890140,27-Jun-11,1
6/28/2011,28-Jun-11,245,28-Jun-11,237.5,241.5,45,25700,6141230,28-Jun-11,1
6/29/2011,29-Jun-11,241,29-Jun-11,237.5,240,61,95200,22838070,29-Jun-11,1
6/30/2011,30-Jun-11,241,30-Jun-11,238.5,240.1,68,173000,41423940,30-Jun-11,1
7/1/2011,1-Jul-11,246,1-Jul-11,241,245.2,31,15700,3833490,1-Jul-11,1
7/4/2011,4-Jul-11,249,4-Jul-11,241,241.4,56,26800,6488150,4-Jul-11,1
7/5/2011,5-Jul-11,245,5-Jul-11,241,244,38,145200,35339480,5-Jul-11,1
7/6/2011,6-Jul-11,244,6-Jul-11,241,242.8,30,106000,25555710,6-Jul-11,1
7/7/2011,7-Jul-11,243,7-Jul-11,241.1,242,28,6900,1667170,7-Jul-11,1
7/8/2011,8-Jul-11,244,8-Jul-11,239.2,240.1,59,103500,24864470,8-Jul-11,1
7/11/2011,11-Jul-11,240,11-Jul-11,236.1,238.2,70,66100,15784400,11-Jul-11,1
7/12/2011,12-Jul-11,240,12-Jul-11,235,236.1,53,43100,10268930,12-Jul-11,1
7/13/2011,13-Jul-11,239.9,13-Jul-11,235,237.6,32,17900,4265860,13-Jul-11,1
7/15/2011,15-Jul-11,239,15-Jul-11,235,236.5,36,18900,4460280,15-Jul-11,1
7/18/2011,18-Jul-11,238.5,18-Jul-11,235,235.9,25,12100,2846640,18-Jul-11,1
7/19/2011,19-Jul-11,235.5,19-Jul-11,235,235.2,26,13400,3150430,19-Jul-11,1
7/20/2011,20-Jul-11,236,20-Jul-11,233,234.1,41,48800,11450500,20-Jul-11,1
7/21/2011,21-Jul-11,234,21-Jul-11,231,231.1,34,24700,5734980,21-Jul-11,1
7/22/2011,22-Jul-11,232.5,22-Jul-11,228.1,230.7,82,55100,12681600,22-Jul-11,1
7/25/2011,25-Jul-11,235,25-Jul-11,227,228,83,140100,32185220,25-Jul-11,1
7/26/2011,26-Jul-11,228.6,26-Jul-11,220.3,228,93,94700,21417260,26-Jul-11,1
7/27/2011,27-Jul-11,230,27-Jul-11,227.5,230,46,93000,21247950,27-Jul-11,1
7/28/2011,28-Jul-11,245,28-Jul-11,230,240.9,92,73200,17453250,28-Jul-11,1
7/29/2011,29-Jul-11,244,29-Jul-11,242.9,243.3,80,49600,12081410,29-Jul-11,1
8/1/2011,1-Aug-11,244,1-Aug-11,239,240.5,50,16800,4066720,1-Aug-11,1
8/2/2011,2-Aug-11,244,2-Aug-11,239,239.1,32,14300,3433250,2-Aug-11,1
8/3/2011,3-Aug-11,240,3-Aug-11,239,240,32,22700,5445770,3-Aug-11,1
8/4/2011,4-Aug-11,241,4-Aug-11,239.5,240,42,28600,6866760,4-Aug-11,1
8/5/2011,5-Aug-11,240,5-Aug-11,235,236.2,36,32000,7609470,5-Aug-11,1
8/8/2011,8-Aug-11,238.5,8-Aug-11,230,236.9,67,70400,16426110,8-Aug-11,1
8/9/2011,9-Aug-11,238.2,9-Aug-11,235,235.5,22,32900,7757450,9-Aug-11,1
8/10/2011,10-Aug-11,240.5,10-Aug-11,237,240,52,48400,11617710,10-Aug-11,1
8/11/2011,11-Aug-11,240,11-Aug-11,235,235.8,17,7700,1830080,11-Aug-11,1
8/12/2011,12-Aug-11,240,12-Aug-11,235,235,13,11700,2751940,12-Aug-11,1
8/15/2011,15-Aug-11,239,15-Aug-11,235,238.5,18,8100,1926680,15-Aug-11,1
8/16/2011,16-Aug-11,242,16-Aug-11,235,241.9,39,21000,5051190,16-Aug-11,1
8/17/2011,17-Aug-11,245,17-Aug-11,239.5,240,52,84900,20448640,17-Aug-11,1
8/18/2011,18-Aug-11,240,18-Aug-11,239,240,13,17600,4223140,18-Aug-11,1
8/19/2011,19-Aug-11,240,19-Aug-11,237,237.1,7,4100,974750,19-Aug-11,1
8/22/2011,22-Aug-11,240,22-Aug-11,237.2,237.5,33,42500,10104840,22-Aug-11,1
8/23/2011,23-Aug-11,239.3,23-Aug-11,237.1,238.6,35,59900,14231890,23-Aug-11,1
8/24/2011,24-Aug-11,237.5,24-Aug-11,235.1,237,45,96000,22692710,24-Aug-11,1
8/25/2011,25-Aug-11,238,25-Aug-11,236,237.5,30,23700,5621660,25-Aug-11,1
8/26/2011,26-Aug-11,239.9,26-Aug-11,235.1,236.1,39,20300,4812040,26-Aug-11,1
8/29/2011,29-Aug-11,236.5,29-Aug-11,236.1,236.1,11,4800,1133490,29-Aug-11,1
8/30/2011,30-Aug-11,238,30-Aug-11,236.2,237.9,32,12100,2863250,30-Aug-11,1
9/1/2011,1-Sep-11,250,1-Sep-11,236.5,245,96,66600,16135410,1-Sep-11,1
9/2/2011,2-Sep-11,245,2-Sep-11,240,242.3,29,13300,3221810,2-Sep-11,1
9/5/2011,5-Sep-11,242.3,5-Sep-11,240,241.9,14,48400,11702280,5-Sep-11,1
9/6/2011,6-Sep-11,242,6-Sep-11,240,240,57,101300,24331670,6-Sep-11,1
9/7/2011,7-Sep-11,242.3,7-Sep-11,239,241,21,11800,2842020,7-Sep-11,1
9/8/2011,8-Sep-11,245,8-Sep-11,240,241.1,23,233000,56958360,8-Sep-11,1
9/9/2011,9-Sep-11,240,9-Sep-11,237,239.6,23,14200,3391990,9-Sep-11,1
9/12/2011,12-Sep-11,240,12-Sep-11,237,237.8,34,53400,12757980,12-Sep-11,1
9/13/2011,13-Sep-11,238.9,13-Sep-11,236.5,238,40,46900,11163750,13-Sep-11,1
9/14/2011,14-Sep-11,236.1,14-Sep-11,235,235.1,31,35800,8418120,14-Sep-11,1
9/15/2011,15-Sep-11,235,15-Sep-11,230,230.1,44,38700,8913330,15-Sep-11,1
9/16/2011,16-Sep-11,232,16-Sep-11,228,228.6,46,13300,3055160,16-Sep-11,1
9/20/2011,20-Sep-11,239.9,20-Sep-11,225,226.8,68,27100,6212510,20-Sep-11,1
9/21/2011,21-Sep-11,225,21-Sep-11,200,224.2,521,323100,70919560,21-Sep-11,1
9/22/2011,22-Sep-11,225,22-Sep-11,220.5,220.9,43,13200,2922860,22-Sep-11,1
9/23/2011,23-Sep-11,223,23-Sep-11,220,220.4,79,54500,12002610,23-Sep-11,1
9/26/2011,26-Sep-11,222,26-Sep-11,218.5,219.2,75,93500,20550100,26-Sep-11,1
9/27/2011,27-Sep-11,220,27-Sep-11,218,218.2,42,40400,8816890,27-Sep-11,1
9/28/2011,28-Sep-11,219,28-Sep-11,218.1,218.3,36,16200,3540100,28-Sep-11,1
9/29/2011,29-Sep-11,219.9,29-Sep-11,218,218.8,45,27000,5906240,29-Sep-11,1
9/30/2011,30-Sep-11,220,30-Sep-11,218,218.1,71,78600,17150350,30-Sep-11,1
10/3/2011,3-Oct-11,219,3-Oct-11,216,217.2,43,35500,7707390,3-Oct-11,1
10/4/2011,4-Oct-11,218,4-Oct-11,217.2,217.2,31,22200,4822210,4-Oct-11,1
10/5/2011,5-Oct-11,220,5-Oct-11,217,220,46,38100,8327950,5-Oct-11,1
10/6/2011,6-Oct-11,225,6-Oct-11,218,218.1,25,19700,4310030,6-Oct-11,1
10/7/2011,7-Oct-11,223,7-Oct-11,217,217,35,34600,7513500,7-Oct-11,1
10/10/2011,10-Oct-11,218,10-Oct-11,216.9,217.4,18,7400,1608490,10-Oct-11,1
10/12/2011,12-Oct-11,217.1,12-Oct-11,216,216.4,18,7200,1561780,12-Oct-11,1
10/13/2011,13-Oct-11,217,13-Oct-11,216,216.1,36,28400,6141900,13-Oct-11,1
10/14/2011,14-Oct-11,217,14-Oct-11,215,215.5,23,28400,6123860,14-Oct-11,1
10/17/2011,17-Oct-11,218,17-Oct-11,212,212.1,41,35800,7637940,17-Oct-11,1
10/18/2011,18-Oct-11,211.1,18-Oct-11,207,208.2,46,38100,7969960,18-Oct-11,1
10/19/2011,19-Oct-11,213.9,19-Oct-11,205,209.9,29,16000,3363370,19-Oct-11,1
10/20/2011,20-Oct-11,210,20-Oct-11,202,202,40,25000,5108790,20-Oct-11,1
10/21/2011,21-Oct-11,209,21-Oct-11,201,203.5,19,7400,1504420,21-Oct-11,1
10/24/2011,24-Oct-11,209,24-Oct-11,205,207.8,42,227000,47006200,24-Oct-11,1
10/25/2011,25-Oct-11,210,25-Oct-11,204,204.6,35,35300,7255720,25-Oct-11,1
10/27/2011,27-Oct-11,209,27-Oct-11,203,203.2,24,121700,24711650,27-Oct-11,1
10/28/2011,28-Oct-11,210,28-Oct-11,203.8,204.1,38,19300,3967160,28-Oct-11,1
10/31/2011,31-Oct-11,209,31-Oct-11,204.1,206.9,47,81400,16814490,31-Oct-11,1
11/1/2011,1-Nov-11,207,1-Nov-11,205,205,87,106600,21872740,1-Nov-11,1
11/2/2011,2-Nov-11,212,2-Nov-11,206,210.7,76,146200,30722570,2-Nov-11,1
11/3/2011,3-Nov-11,214,3-Nov-11,209,209,25,7500,1579390,3-Nov-11,1
11/4/2011,4-Nov-11,210,4-Nov-11,207,207.4,14,7800,1629850,4-Nov-11,1
11/8/2011,8-Nov-11,210,8-Nov-11,203,209.2,75,64100,13371480,8-Nov-11,1
11/9/2011,9-Nov-11,212.9,9-Nov-11,209,212,85,122600,25844800,9-Nov-11,1
11/11/2011,11-Nov-11,216,11-Nov-11,213.9,215,64,185300,39834030,11-Nov-11,1
11/14/2011,14-Nov-11,216.5,14-Nov-11,209,210.3,35,15300,3234160,14-Nov-11,1
11/15/2011,15-Nov-11,209.9,15-Nov-11,207,207,12,2600,540830,15-Nov-11,1
11/16/2011,16-Nov-11,208.9,16-Nov-11,202.3,202.8,40,17900,3659120,16-Nov-11,1
11/17/2011,17-Nov-11,209,17-Nov-11,202.1,207.5,41,97600,20005550,17-Nov-11,1
11/18/2011,18-Nov-11,210,18-Nov-11,205.2,210,31,251400,51850400,18-Nov-11,1
11/21/2011,21-Nov-11,207.1,21-Nov-11,205,205,34,174500,35779530,21-Nov-11,1
11/22/2011,22-Nov-11,203,22-Nov-11,201,202.5,28,9400,1898280,22-Nov-11,1
11/23/2011,23-Nov-11,205,23-Nov-11,203,203.1,17,24500,4984450,23-Nov-11,1
11/24/2011,24-Nov-11,208.8,24-Nov-11,200,200,90,150300,30246960,24-Nov-11,1
11/25/2011,25-Nov-11,203,25-Nov-11,197,199.9,46,49900,10006540,25-Nov-11,1
11/28/2011,28-Nov-11,205,28-Nov-11,199,202.9,37,37800,7650270,28-Nov-11,1
11/29/2011,29-Nov-11,210,29-Nov-11,200.5,202.3,84,76500,15709590,29-Nov-11,1
11/30/2011,30-Nov-11,203.5,30-Nov-11,200.2,203.2,23,24800,4994990,30-Nov-11,1
12/1/2011,1-Dec-11,205,1-Dec-11,202,203,22,271000,55009510,1-Dec-11,1
12/2/2011,2-Dec-11,204,2-Dec-11,203,203.3,36,62100,12609330,2-Dec-11,1
12/5/2011,5-Dec-11,202.5,5-Dec-11,200,202,27,10700,2156640,5-Dec-11,1
12/6/2011,6-Dec-11,202,6-Dec-11,200,201,20,72300,14601420,6-Dec-11,1
12/7/2011,7-Dec-11,203,7-Dec-11,200,202,92,581600,117484080,7-Dec-11,1
12/8/2011,8-Dec-11,203,8-Dec-11,201.1,202.1,19,22100,4464160,8-Dec-11,1
12/9/2011,9-Dec-11,203,9-Dec-11,200.5,200.8,10,3700,745650,9-Dec-11,1
12/12/2011,12-Dec-11,201,12-Dec-11,200,200.1,24,40800,8164080,12-Dec-11,1
12/13/2011,13-Dec-11,200.6,13-Dec-11,200,200.6,17,29800,5974120,13-Dec-11,1
12/14/2011,14-Dec-11,200.4,14-Dec-11,199.5,200,23,40500,8099820,14-Dec-11,1
12/15/2011,15-Dec-11,201,15-Dec-11,198.6,199,24,44000,8772890,15-Dec-11,1
12/16/2011,16-Dec-11,200,16-Dec-11,197,197.4,34,22900,4527180,16-Dec-11,1
12/19/2011,19-Dec-11,197.8,19-Dec-11,193,193.8,44,65500,12789240,19-Dec-11,1
12/20/2011,20-Dec-11,198,20-Dec-11,191,191.8,43,186000,35778940,20-Dec-11,1
12/21/2011,21-Dec-11,196,21-Dec-11,192.5,194.8,15,12000,2327450,21-Dec-11,1
12/22/2011,22-Dec-11,200,22-Dec-11,192.7,196.1,26,4400,869720,22-Dec-11,1
12/23/2011,23-Dec-11,198.5,23-Dec-11,193.9,198,6,800,158040,23-Dec-11,1
12/27/2011,27-Dec-11,198,27-Dec-11,198,198,1,100,19800,27-Dec-11,1
12/28/2011,28-Dec-11,200,28-Dec-11,197,199,19,12300,2433510,28-Dec-11,1
12/29/2011,29-Dec-11,199.9,29-Dec-11,194.4,195,149,266300,51949590,29-Dec-11,1
12/30/2011,30-Dec-11,199,30-Dec-11,194.8,195,40,60000,11701030,30-Dec-11,1
1/2/2012,2-Jan-12,199.9,2-Jan-12,194.9,195.3,42,58000,11312630,2-Jan-12,1
1/3/2012,3-Jan-12,197,3-Jan-12,196,197,9,1900,374000,3-Jan-12,1
1/4/2012,4-Jan-12,196.1,4-Jan-12,195,195,16,5100,994720,4-Jan-12,1
1/5/2012,5-Jan-12,195,5-Jan-12,194.9,194.9,16,13500,2631840,5-Jan-12,1
1/6/2012,6-Jan-12,195.1,6-Jan-12,194.1,194.5,20,24400,4755350,6-Jan-12,1
1/9/2012,9-Jan-12,194.5,9-Jan-12,191,191,24,8600,1652220,9-Jan-12,1
1/10/2012,10-Jan-12,191,10-Jan-12,189,189.1,28,13400,2544940,10-Jan-12,1
1/11/2012,11-Jan-12,190,11-Jan-12,189,189.2,30,24600,4663810,11-Jan-12,1
1/12/2012,12-Jan-12,190,12-Jan-12,187,189.7,33,24300,4591390,12-Jan-12,1
1/13/2012,13-Jan-12,190,13-Jan-12,190,190,16,7100,1349000,13-Jan-12,1
1/17/2012,17-Jan-12,195,17-Jan-12,187.1,187.3,34,39100,7430550,17-Jan-12,1
1/18/2012,18-Jan-12,190,18-Jan-12,180,185.6,62,37700,7006300,18-Jan-12,1
1/19/2012,19-Jan-12,186,19-Jan-12,180,180.3,31,22600,4095150,19-Jan-12,1
1/20/2012,20-Jan-12,187.9,20-Jan-12,180,180,42,14500,2613070,20-Jan-12,1
1/23/2012,23-Jan-12,184.9,23-Jan-12,175,175,56,69600,12205390,23-Jan-12,1
1/24/2012,24-Jan-12,180,24-Jan-12,170.2,173.6,60,50800,8798530,24-Jan-12,1
1/25/2012,25-Jan-12,178,25-Jan-12,170.1,174.8,23,15300,2688440,25-Jan-12,1
1/26/2012,26-Jan-12,174,26-Jan-12,169.5,169.9,62,64900,11053510,26-Jan-12,1
1/27/2012,27-Jan-12,179.9,27-Jan-12,174,178.6,80,153800,26945700,27-Jan-12,1
1/30/2012,30-Jan-12,193,30-Jan-12,180,190.5,152,189200,35768000,30-Jan-12,1
1/31/2012,31-Jan-12,190.1,31-Jan-12,185.5,189,55,28600,5394730,31-Jan-12,1
2/1/2012,1-Feb-12,190,1-Feb-12,186,190,34,18700,3541800,1-Feb-12,1
2/2/2012,2-Feb-12,190,2-Feb-12,187,188,35,34600,6536610,2-Feb-12,1
2/3/2012,3-Feb-12,186.1,3-Feb-12,185,185,15,8500,1574610,3-Feb-12,1
2/6/2012,6-Feb-12,186,6-Feb-12,180,185.8,14,6400,1186310,6-Feb-12,1
2/8/2012,8-Feb-12,188,8-Feb-12,181,182.7,17,7100,1293650,8-Feb-12,1
2/9/2012,9-Feb-12,184,9-Feb-12,173,176.8,23,12100,2146900,9-Feb-12,1
2/13/2012,13-Feb-12,185,13-Feb-12,169,179.3,87,52100,9150330,13-Feb-12,1
2/14/2012,14-Feb-12,172,14-Feb-12,170,170,85,371100,63117320,14-Feb-12,1
2/15/2012,15-Feb-12,174,15-Feb-12,170,172.3,38,21700,3700500,15-Feb-12,1
2/16/2012,16-Feb-12,178,16-Feb-12,172.4,177.8,27,20500,3620880,16-Feb-12,1
2/17/2012,17-Feb-12,180,17-Feb-12,175,178.1,42,17000,3036660,17-Feb-12,1
2/21/2012,21-Feb-12,179.5,21-Feb-12,175.2,177.7,14,3300,585770,21-Feb-12,1
2/22/2012,22-Feb-12,181,22-Feb-12,176.5,180.5,32,84900,15263430,22-Feb-12,1
2/23/2012,23-Feb-12,188,23-Feb-12,180,187.6,55,37600,6916770,23-Feb-12,1
2/24/2012,24-Feb-12,193.5,24-Feb-12,176.5,190,67,112000,21270360.9,24-Feb-12,1
2/27/2012,27-Feb-12,190,27-Feb-12,186.1,189,63,494079,93538491,27-Feb-12,1
2/28/2012,28-Feb-12,188.9,28-Feb-12,184,185,18,4137,766480.6,28-Feb-12,1
2/29/2012,29-Feb-12,186.2,29-Feb-12,182.7,186.1,8,1264,234994.6,29-Feb-12,1
3/1/2012,1-Mar-12,186.2,1-Mar-12,181.3,184.2,33,27038,5020166,1-Mar-12,1
3/2/2012,2-Mar-12,185,2-Mar-12,181,182.1,33,11116,2024351,2-Mar-12,1
3/5/2012,5-Mar-12,182,5-Mar-12,175,176.3,24,9319,1642316.4,5-Mar-12,1
3/6/2012,6-Mar-12,182,6-Mar-12,180,181.5,21,12802,2315933,6-Mar-12,1
3/8/2012,8-Mar-12,182,8-Mar-12,181,181.5,14,12326,2236654,8-Mar-12,1
3/9/2012,9-Mar-12,183,9-Mar-12,181,181.7,19,9214,1673012,9-Mar-12,1
3/12/2012,12-Mar-12,182.9,12-Mar-12,181.9,182.8,16,7436,1354302.1,12-Mar-12,1
3/13/2012,13-Mar-12,185.9,13-Mar-12,182.1,185.1,48,24448,4519274.6,13-Mar-12,1
3/14/2012,14-Mar-12,187.5,14-Mar-12,184,184.5,22,12005,2218240.5,14-Mar-12,1
3/15/2012,15-Mar-12,185.2,15-Mar-12,185,185.2,11,7611,1409173.4,15-Mar-12,1
3/16/2012,16-Mar-12,187.1,16-Mar-12,185,185.7,38,11728,2176857.5,16-Mar-12,1
3/19/2012,19-Mar-12,187.4,19-Mar-12,185,187,61,61053,11397263.9,19-Mar-12,1
3/20/2012,20-Mar-12,188,20-Mar-12,185.1,187.6,49,92427,17336168.5,20-Mar-12,1
3/21/2012,21-Mar-12,188,21-Mar-12,187,187.3,30,18182,3408535,21-Mar-12,1
3/22/2012,22-Mar-12,187.6,22-Mar-12,186.5,187,54,82543,15452730.9,22-Mar-12,1
3/23/2012,23-Mar-12,188.5,23-Mar-12,187,187.1,27,37386,6995800.2,23-Mar-12,1
3/26/2012,26-Mar-12,187.5,26-Mar-12,185,185.7,18,3643,679878.9,26-Mar-12,1
3/27/2012,27-Mar-12,187.5,27-Mar-12,184,184.9,24,24581,4548242.8,27-Mar-12,1
3/28/2012,28-Mar-12,180,28-Mar-12,175,176.8,660,310614,54719757.5,28-Mar-12,1
3/29/2012,29-Mar-12,178.9,29-Mar-12,176,178.2,216,144130,25631147.3,29-Mar-12,1
3/30/2012,30-Mar-12,182,30-Mar-12,177.7,179.8,155,92018,16502502.6,30-Mar-12,1
4/2/2012,2-Apr-12,177.5,2-Apr-12,170,172.6,178,134041,23103529,2-Apr-12,1
4/3/2012,3-Apr-12,175,3-Apr-12,171.5,174.1,150,89642,15502602.5,3-Apr-12,1
4/4/2012,4-Apr-12,176,4-Apr-12,173,175,59,27417,4798259.2,4-Apr-12,1
4/5/2012,5-Apr-12,176.9,5-Apr-12,174,175.8,82,40522,7095715,5-Apr-12,1
4/9/2012,9-Apr-12,176.9,9-Apr-12,173.1,175.1,64,30038,5256871.2,9-Apr-12,1
4/10/2012,10-Apr-12,176,10-Apr-12,174.1,175.1,46,13545,2362908,10-Apr-12,1
4/11/2012,11-Apr-12,176.5,11-Apr-12,175,175.6,31,9948,1746285.5,11-Apr-12,1
4/16/2012,16-Apr-12,177,16-Apr-12,175,176.7,79,29685,5233018.8,16-Apr-12,1
4/17/2012,17-Apr-12,178,17-Apr-12,177,177.9,103,54972,9738782.4,17-Apr-12,1
4/18/2012,18-Apr-12,179,18-Apr-12,176,178.3,65,34733,6168129.5,18-Apr-12,1
4/19/2012,19-Apr-12,180,19-Apr-12,178,179.8,139,60156,10782859.3,19-Apr-12,1
4/20/2012,20-Apr-12,180,20-Apr-12,178.5,178.7,41,22103,3968056.3,20-Apr-12,1
4/23/2012,23-Apr-12,179,23-Apr-12,178,179,35,16182,2895170,23-Apr-12,1
4/24/2012,24-Apr-12,179.9,24-Apr-12,178,179.2,100,60341,10804359.1,24-Apr-12,1
4/25/2012,25-Apr-12,180,25-Apr-12,178,179.6,61,67265,12095691.9,25-Apr-12,1
4/26/2012,26-Apr-12,179.5,26-Apr-12,175.2,178,52,21375,3797705.6,26-Apr-12,1
4/27/2012,27-Apr-12,178.4,27-Apr-12,176,178.1,41,28191,5019637.9,27-Apr-12,1
4/30/2012,30-Apr-12,179,30-Apr-12,177,177.8,35,12590,2235444.5,30-Apr-12,1
5/2/2012,2-May-12,178,2-May-12,177,177,27,10600,1881881.7,2-May-12,1
5/3/2012,3-May-12,177,3-May-12,174.5,174.6,118,475675,83892315.5,3-May-12,1
5/4/2012,4-May-12,174,4-May-12,172.1,172.6,48,16681,2880092.3,4-May-12,1
5/8/2012,8-May-12,173.5,8-May-12,168.1,168.5,92,36298,6176724.2,8-May-12,1
5/9/2012,9-May-12,170,9-May-12,168,168.6,90,31970,5399869,9-May-12,1
5/10/2012,10-May-12,170,10-May-12,165,165.1,65,27905,4642174,10-May-12,1
5/11/2012,11-May-12,169.8,11-May-12,165.2,166.2,62,17413,2894289.6,11-May-12,1
5/14/2012,14-May-12,171,14-May-12,166,166.5,41,37113,6251771.2,14-May-12,1
5/15/2012,15-May-12,169,15-May-12,166.5,168.1,41,28949,4881846.3,15-May-12,1
5/16/2012,16-May-12,170,16-May-12,167,167.2,84,658005,109942065.5,16-May-12,1
5/17/2012,17-May-12,170,17-May-12,167,168.2,22,9835,1654885.8,17-May-12,1
5/18/2012,18-May-12,169,18-May-12,168,168.7,22,5146,866527.5,18-May-12,1
5/21/2012,21-May-12,169,21-May-12,167.5,167.5,40,16437,2764087.7,21-May-12,1
5/22/2012,22-May-12,169,22-May-12,165.5,166,47,14021,2339864.2,22-May-12,1
5/23/2012,23-May-12,166,23-May-12,164.2,165,39,20593,3408748.2,23-May-12,1
5/24/2012,24-May-12,165,24-May-12,163,163,16,2951,483589.7,24-May-12,1
5/25/2012,25-May-12,163.5,25-May-12,163,163,32,18816,3068126,25-May-12,1
5/28/2012,28-May-12,163,28-May-12,159,161.4,44,276471,44247690.9,28-May-12,1
5/29/2012,29-May-12,160,29-May-12,158.2,159.3,46,27854,4435239.7,29-May-12,1
5/30/2012,30-May-12,160,30-May-12,154.6,155,85,59340,9285549.1,30-May-12,1
5/31/2012,31-May-12,156,31-May-12,150,153,42,28854,4370005.6,31-May-12,1
6/1/2012,1-Jun-12,153,1-Jun-12,150.6,151.9,38,13910,2116297.2,1-Jun-12,1
6/5/2012,5-Jun-12,153,5-Jun-12,150.1,150.2,49,39833,6010565.4,5-Jun-12,1
6/6/2012,6-Jun-12,151,6-Jun-12,148.5,148.5,82,30542,4556199.5,6-Jun-12,1
6/7/2012,7-Jun-12,149.9,7-Jun-12,148.5,149,64,24887,3708235.4,7-Jun-12,1
6/8/2012,8-Jun-12,153,8-Jun-12,149,151.6,62,28559,4290344,8-Jun-12,1
6/11/2012,11-Jun-12,154,11-Jun-12,151.6,152.9,37,19116,2924584.2,11-Jun-12,1
6/12/2012,12-Jun-12,160,12-Jun-12,152.5,156,43,22213,3452680.2,12-Jun-12,1
6/13/2012,13-Jun-12,159.9,13-Jun-12,155.5,157,28,13068,2048846.7,13-Jun-12,1
6/14/2012,14-Jun-12,158,14-Jun-12,156,156.7,35,27195,4255613,14-Jun-12,1
6/15/2012,15-Jun-12,159.8,15-Jun-12,157,157.5,54,15484,2449651.9,15-Jun-12,1
6/18/2012,18-Jun-12,158,18-Jun-12,155,156.7,45,27374,4263401.1,18-Jun-12,1
6/19/2012,19-Jun-12,159.4,19-Jun-12,155.5,156.8,24,12535,1963951.7,19-Jun-12,1
6/20/2012,20-Jun-12,157.9,20-Jun-12,156.8,157.4,49,19052,2993145.2,20-Jun-12,1
6/21/2012,21-Jun-12,158,21-Jun-12,156,156.7,30,13309,2088077.9,21-Jun-12,1
6/22/2012,22-Jun-12,158,22-Jun-12,156,156,3,720,113010,22-Jun-12,1
6/25/2012,25-Jun-12,157.9,25-Jun-12,154.5,155,16,5700,884031.1,25-Jun-12,1
6/26/2012,26-Jun-12,157,26-Jun-12,150.1,152.2,26,123565,18588447,26-Jun-12,1
6/27/2012,27-Jun-12,153,27-Jun-12,153,153,19,9725,1487925,27-Jun-12,1
6/28/2012,28-Jun-12,155,28-Jun-12,150.4,151.1,42,22438,3391333.1,28-Jun-12,1
6/29/2012,29-Jun-12,154.4,29-Jun-12,150.3,152,20,1277,193211.8,29-Jun-12,1
7/2/2012,2-Jul-12,154,2-Jul-12,151,153.9,6,1396,214732.1,2-Jul-12,1
7/4/2012,4-Jul-12,154,4-Jul-12,150,152.6,39,11940,1813407.3,4-Jul-12,1
7/5/2012,5-Jul-12,152.1,5-Jul-12,150.1,151,15,3773,569315.2,5-Jul-12,1
7/6/2012,6-Jul-12,152,6-Jul-12,150.2,152,11,1453,220118.4,6-Jul-12,1
7/9/2012,9-Jul-12,151.5,9-Jul-12,150,150.6,39,10000,1508945.3,9-Jul-12,1
7/10/2012,10-Jul-12,153,10-Jul-12,150,150.1,50,53053,8067367.5,10-Jul-12,1
7/11/2012,11-Jul-12,151,11-Jul-12,150,150.1,21,9667,1450490.3,11-Jul-12,1
7/12/2012,12-Jul-12,151,12-Jul-12,150,150.2,30,164680,24718507.3,12-Jul-12,1
7/13/2012,13-Jul-12,151,13-Jul-12,150,150,34,31237,4695432,13-Jul-12,1
7/16/2012,16-Jul-12,151,16-Jul-12,149,149.1,54,37337,5599990.6,16-Jul-12,1
7/17/2012,17-Jul-12,150,17-Jul-12,149.1,149.1,75,278228,41603693.1,17-Jul-12,1
7/18/2012,18-Jul-12,150.1,18-Jul-12,149,150.1,93,1118216,166773493,18-Jul-12,1
7/19/2012,19-Jul-12,151.9,19-Jul-12,149.5,150,76,1654811,248234957.3,19-Jul-12,1
7/20/2012,20-Jul-12,150.6,20-Jul-12,150.2,150.6,9,25767,3874617.7,20-Jul-12,1
7/23/2012,23-Jul-12,152.3,23-Jul-12,150,151.2,39,24384,3685184.8,23-Jul-12,1
7/24/2012,24-Jul-12,152.3,24-Jul-12,151,152,21,7872,1194107.2,24-Jul-12,1
7/25/2012,25-Jul-12,153,25-Jul-12,151,152.7,30,16267,2467759.6,25-Jul-12,1
7/26/2012,26-Jul-12,152,26-Jul-12,151,151.7,16,5855,887825.3,26-Jul-12,1
7/27/2012,27-Jul-12,153,27-Jul-12,151.5,152.4,28,6869,1043141.2,27-Jul-12,1
7/30/2012,30-Jul-12,154,30-Jul-12,152.5,152.6,36,25225,3849850,30-Jul-12,1
7/31/2012,31-Jul-12,153,31-Jul-12,152.5,152.5,26,10315,1573304,31-Jul-12,1
8/2/2012,2-Aug-12,154,2-Aug-12,152.2,154,35,59497,9159169.9,2-Aug-12,1
8/3/2012,3-Aug-12,154.8,3-Aug-12,153,154,39,61711,9500801,3-Aug-12,1
8/6/2012,6-Aug-12,155,6-Aug-12,153,155,27,8200,1266104.1,6-Aug-12,1
8/7/2012,7-Aug-12,156,7-Aug-12,153,155.1,16,55010,8523624.9,7-Aug-12,1
8/8/2012,8-Aug-12,158.5,8-Aug-12,155,156,60,31667,4949446.7,8-Aug-12,1
8/9/2012,9-Aug-12,160.2,9-Aug-12,156,160,93,691316,110017651.3,9-Aug-12,1
8/10/2012,10-Aug-12,162,10-Aug-12,160,160.6,50,41564,6660013,10-Aug-12,1
8/13/2012,13-Aug-12,161,13-Aug-12,160,160.2,66,148037,23687355.5,13-Aug-12,1
8/14/2012,14-Aug-12,169,14-Aug-12,160,164.7,124,116108,18851004,14-Aug-12,1
8/15/2012,15-Aug-12,168.9,15-Aug-12,164,167.8,158,158835,26551278.7,15-Aug-12,1
8/16/2012,16-Aug-12,167.8,16-Aug-12,164,165.1,28,14918,2470162,16-Aug-12,1
8/17/2012,17-Aug-12,166.1,17-Aug-12,162.5,165,31,13476,2219550,17-Aug-12,1
8/20/2012,20-Aug-12,165.8,20-Aug-12,163,165,44,16996,2801147.3,20-Aug-12,1
8/21/2012,21-Aug-12,166.5,21-Aug-12,164,166,39,85022,14078343.1,21-Aug-12,1
8/22/2012,22-Aug-12,172.5,22-Aug-12,166.5,171.4,133,133911,22695995.4,22-Aug-12,1
8/23/2012,23-Aug-12,179,23-Aug-12,172.5,178.1,262,255627,45408273.8,23-Aug-12,1
8/24/2012,24-Aug-12,178.5,24-Aug-12,174,175.9,72,23287,4119045,24-Aug-12,1
8/27/2012,27-Aug-12,178.4,27-Aug-12,175.9,178,59,51454,9127610.1,27-Aug-12,1
8/28/2012,28-Aug-12,179,28-Aug-12,177,177.8,52,40307,7174897,28-Aug-12,1
8/29/2012,29-Aug-12,178.4,29-Aug-12,178,178,51,37689,6709016.9,29-Aug-12,1
8/30/2012,30-Aug-12,178.8,30-Aug-12,176,178,44,64346,11452690.2,30-Aug-12,1
9/3/2012,3-Sep-12,181,3-Sep-12,177.5,179.8,88,53824,9657008.9,3-Sep-12,1
9/4/2012,4-Sep-12,189.1,4-Sep-12,179,188.6,146,414834,77332197.2,4-Sep-12,1
9/5/2012,5-Sep-12,192,5-Sep-12,188,188.6,136,136606,25944916.5,5-Sep-12,1
9/6/2012,6-Sep-12,190.9,6-Sep-12,186,190,107,152669,28952405.5,6-Sep-12,1
9/7/2012,7-Sep-12,196,7-Sep-12,190,195.6,254,1755464,342195729.2,7-Sep-12,1
9/10/2012,10-Sep-12,207.5,10-Sep-12,192,205.1,243,304543,62104977.5,10-Sep-12,1
9/11/2012,11-Sep-12,209.9,11-Sep-12,204,205,149,126208,26042427.9,11-Sep-12,1
9/12/2012,12-Sep-12,206,12-Sep-12,201,204.9,80,289256,59218677,12-Sep-12,1
9/13/2012,13-Sep-12,209.5,13-Sep-12,205,208.6,121,143711,29787581.7,13-Sep-12,1
9/14/2012,14-Sep-12,211.5,14-Sep-12,208.1,211,180,155868,32753834.9,14-Sep-12,1
9/17/2012,17-Sep-12,215.5,17-Sep-12,210,215,161,636619,134257970.4,17-Sep-12,1
9/18/2012,18-Sep-12,215.3,18-Sep-12,210,214.9,109,355875,76381529.9,18-Sep-12,1
9/19/2012,19-Sep-12,214.1,19-Sep-12,208.9,211.6,197,225424,47468508.1,19-Sep-12,1
9/20/2012,20-Sep-12,212.5,20-Sep-12,210,211.6,106,94385,19897357.5,20-Sep-12,1
9/21/2012,21-Sep-12,212,21-Sep-12,210,211.4,73,124182,26191952.9,21-Sep-12,1
9/24/2012,24-Sep-12,212.5,24-Sep-12,211,211.3,64,94821,20017216.9,24-Sep-12,1
9/25/2012,25-Sep-12,212.8,25-Sep-12,210,212.3,74,328651,69373031.4,25-Sep-12,1
9/26/2012,26-Sep-12,212.1,26-Sep-12,211,212,43,30473,6455543.3,26-Sep-12,1
9/27/2012,27-Sep-12,215,27-Sep-12,211,214.2,74,299416,64059237.7,27-Sep-12,1
9/28/2012,28-Sep-12,216,28-Sep-12,213.1,215.7,61,46403,9984953,28-Sep-12,1
10/1/2012,1-Oct-12,214.9,1-Oct-12,212.2,213,20,1977,421381.2,1-Oct-12,1
10/2/2012,2-Oct-12,216,2-Oct-12,210.2,214.3,82,47581,10149544.3,2-Oct-12,1
10/3/2012,3-Oct-12,215,3-Oct-12,210,210.1,104,8046461,1690034494,3-Oct-12,1
10/4/2012,4-Oct-12,213,4-Oct-12,207.5,210.9,51,12495,2616241.9,4-Oct-12,1
10/5/2012,5-Oct-12,211.7,5-Oct-12,208,211.2,33,10237,2156203.3,5-Oct-12,1
10/8/2012,8-Oct-12,212,8-Oct-12,208,208,34,11113,2313660.5,8-Oct-12,1
10/9/2012,9-Oct-12,210,9-Oct-12,207.9,208,30,11430,2380982.4,9-Oct-12,1
10/10/2012,10-Oct-12,209,10-Oct-12,207,208.8,22,2727,567339.1,10-Oct-12,1
10/11/2012,11-Oct-12,206,11-Oct-12,200.1,203.9,76,67553,13674373.8,11-Oct-12,1
10/12/2012,12-Oct-12,207,12-Oct-12,202,206.1,34,15952,3274208.1,12-Oct-12,1
10/15/2012,15-Oct-12,206,15-Oct-12,200,200,51,142850,28582971.8,15-Oct-12,1
10/16/2012,16-Oct-12,204.5,16-Oct-12,197,197.7,56,119503,23779445.2,16-Oct-12,1
10/17/2012,17-Oct-12,199.5,17-Oct-12,196,198,28,10840,2144704.9,17-Oct-12,1
10/18/2012,18-Oct-12,201,18-Oct-12,198,200.5,30,21782,4354022,18-Oct-12,1
10/19/2012,19-Oct-12,201,19-Oct-12,200,200.3,30,14262,2865472,19-Oct-12,1
10/22/2012,22-Oct-12,200.5,22-Oct-12,199,199,27,5825,1163438,22-Oct-12,1
10/23/2012,23-Oct-12,200,23-Oct-12,198,199.3,32,16830,3353453.2,23-Oct-12,1
10/24/2012,24-Oct-12,199.4,24-Oct-12,198.5,199,12,3356,668041.5,24-Oct-12,1
10/25/2012,25-Oct-12,200,25-Oct-12,199,200,16,18517,3692823.8,25-Oct-12,1
10/26/2012,26-Oct-12,199.8,26-Oct-12,196,196.1,28,5667,1121084.7,26-Oct-12,1
10/30/2012,30-Oct-12,199.7,30-Oct-12,194,194,22,2671,522416.1,30-Oct-12,1
10/31/2012,31-Oct-12,198.7,31-Oct-12,193,194.7,30,13600,2664328,31-Oct-12,1
11/1/2012,1-Nov-12,196,1-Nov-12,193.5,193.5,17,14261,2774746,1-Nov-12,1
11/2/2012,2-Nov-12,200,2-Nov-12,195,199.3,24,7941,1576297.1,2-Nov-12,1
11/5/2012,5-Nov-12,199.3,5-Nov-12,196.1,196.9,19,1617,319943.4,5-Nov-12,1
11/6/2012,6-Nov-12,197,6-Nov-12,196,196.7,53,10358,2031575.9,6-Nov-12,1
11/7/2012,7-Nov-12,199,7-Nov-12,195,197,68,29849,5865119,7-Nov-12,1
11/8/2012,8-Nov-12,197.9,8-Nov-12,195.3,196,40,12411,2430712.2,8-Nov-12,1
11/9/2012,9-Nov-12,196.9,9-Nov-12,195,196,30,14065,2756884.7,9-Nov-12,1
11/12/2012,12-Nov-12,196,12-Nov-12,194.9,195.1,23,7939,1548732.9,12-Nov-12,1
11/14/2012,14-Nov-12,197,14-Nov-12,195,196.8,30,16311,3192400,14-Nov-12,1
11/15/2012,15-Nov-12,196,15-Nov-12,194,194.1,31,7060,1371939.5,15-Nov-12,1
11/16/2012,16-Nov-12,195.1,16-Nov-12,194,195,33,22460,4377304.4,16-Nov-12,1
11/19/2012,19-Nov-12,195,19-Nov-12,193,193.5,36,20183,3906234.6,19-Nov-12,1
11/20/2012,20-Nov-12,193.9,20-Nov-12,185.5,188.6,31,58220,11021981.5,20-Nov-12,1
11/21/2012,21-Nov-12,190,21-Nov-12,186,186.3,25,6841,1278276.5,21-Nov-12,1
11/22/2012,22-Nov-12,189.7,22-Nov-12,185.1,187,44,261372,48723460.7,22-Nov-12,1
11/23/2012,23-Nov-12,187.5,23-Nov-12,187,187,25,3766,704522.7,23-Nov-12,1
11/26/2012,26-Nov-12,188,26-Nov-12,186,186.7,19,13325,2490874.5,26-Nov-12,1
11/28/2012,28-Nov-12,187.1,28-Nov-12,185.1,186,25,8376,1560495.5,28-Nov-12,1
11/29/2012,29-Nov-12,186,29-Nov-12,185.5,186,36,18350,3412288.4,29-Nov-12,1
11/30/2012,30-Nov-12,186,30-Nov-12,184,185.6,45,20871,3870659.7,30-Nov-12,1
12/3/2012,3-Dec-12,186,3-Dec-12,185.8,186,25,15660,2910612.5,3-Dec-12,1
12/4/2012,4-Dec-12,188,4-Dec-12,185.7,185.7,6,1102,205039.7,4-Dec-12,1
12/5/2012,5-Dec-12,186,5-Dec-12,185,186,16,3834,712615.5,5-Dec-12,1
12/6/2012,6-Dec-12,190,6-Dec-12,185,190,36,40047,7602671,6-Dec-12,1
12/7/2012,7-Dec-12,191,7-Dec-12,190,191,14,2833,538320,7-Dec-12,1
12/10/2012,10-Dec-12,191,10-Dec-12,188,188.3,16,5129,967199.3,10-Dec-12,1
12/11/2012,11-Dec-12,189,11-Dec-12,188,188.8,22,10575,1994375.9,11-Dec-12,1
12/12/2012,12-Dec-12,192,12-Dec-12,189,191,30,14517,2764661,12-Dec-12,1
12/13/2012,13-Dec-12,201,13-Dec-12,192,200,132,256666,51313172.9,13-Dec-12,1
12/14/2012,14-Dec-12,200.8,14-Dec-12,199,200,51,40297,8052749.4,14-Dec-12,1
12/17/2012,17-Dec-12,201,17-Dec-12,199,200.1,51,51225,10245185.5,17-Dec-12,1
12/18/2012,18-Dec-12,201,18-Dec-12,200,200,137,848976,170001814,18-Dec-12,1
12/19/2012,19-Dec-12,202,19-Dec-12,200,200,71,78715,15765802.3,19-Dec-12,1
12/20/2012,20-Dec-12,201.7,20-Dec-12,200,200,29,18088,3624854.2,20-Dec-12,1
12/21/2012,21-Dec-12,200,21-Dec-12,199,199,33,15621,3111604.5,21-Dec-12,1
12/24/2012,24-Dec-12,202,24-Dec-12,199,199.5,30,14276,2847152.6,24-Dec-12,1
12/26/2012,26-Dec-12,202.5,26-Dec-12,200,200.1,9,3782,756414.5,26-Dec-12,1
12/28/2012,28-Dec-12,201,28-Dec-12,200,201,21,455903,91620714.5,28-Dec-12,1
12/31/2012,31-Dec-12,201,31-Dec-12,199,200.5,23,224973,45194888,31-Dec-12,1
